"1","1742566624","思想聚焦","男","","有人说： 成长，就是一个不断觉得以前的自己是个傻逼的过程！观点探讨、投稿交流请加QQ:516585615","广东 广州","1742566624","1296","7431252","36062","","","http://tp1.sinaimg.cn/1742566624/180/22842133580/1","0","","","","","",""
"2","1608574203","夢想家林志穎","男","","經紀業務洽商:jimmylin@jimmylin.asia領速企業收 / /歡迎來我淘寶店shop35351567.taobao.com/","台湾 台北市","dreamerjimmy","144","47991072","2622","","","http://tp4.sinaimg.cn/1608574203/180/5695577970/1","0","","","","","",""
"3","1265061803","张亮Sean","男","","不想做模特的厨师不是好演员  工作联系邮箱  zhangliangstudio@vip.qq.com","北京","1265061803","973","19482061","2542","","","http://tp4.sinaimg.cn/1265061803/180/5694515694/1","0","","","","","",""
"4","1195230310","何炅","男","","","北京 朝阳区","hejiong","573","47040219","6257","","","http://tp3.sinaimg.cn/1195230310/180/5676706574/1","0","","","","","",""
"5","1182389073","任志强","男","","","北京","renzhiqiang","163","20730549","69691","","","http://tp2.sinaimg.cn/1182389073/180/1283203476/1","0","","","","","",""
"6","1192329374","谢娜","女","","太阳女神（也可称为喜神）的光芒照四方呀嘛照四方：）","北京 海淀区","xiena","583","49077162","6931","","","http://tp3.sinaimg.cn/1192329374/180/5693504263/0","0","","","","","",""
"7","2278809187","关注化妆","女","","分享有关化妆、美容、护肤的知识。（粉丝都叫我美妞）合作QQ:635183111","北京 东城区","2278809187","14","441014","394","","","http://tp4.sinaimg.cn/2278809187/180/40039834982/0","0","","","","","",""
"8","1793285524","王力宏","男","","","台湾 台北市","leehom","52","45082939","1394","","","http://tp1.sinaimg.cn/1793285524/180/40045817432/1","0","","","","","",""
"9","1649166140","田亮","男","","吃亏是福","北京 朝阳区","tianliang1979","173","13198027","1022","","","http://tp1.sinaimg.cn/1649166140/180/5679921550/1","0","","","","","",""
"10","1816011541","张小娴","女","","工作聯繫：陳仲明gongzuoshi822@sina.com 微博http://weibo.com/2186118024","香港","iamamycheung","108","62466482","2506","","","http://tp2.sinaimg.cn/1816011541/180/40037057877/0","0","","","","","",""
"11","1601563722","陆琪","男","","工作邀约，请联系：18668077100。。知我爱我，罪我笑我，近我忘我，与我何干？","浙江 杭州","jdluqi","935","21235154","11188","","","http://tp3.sinaimg.cn/1601563722/180/5597516188/1","0","","","","","",""
"12","1563926367","天才小熊猫","男","","加关注不是导致便秘的主要原因","北京 朝阳区","panada","991","2451088","3540","","","http://tp4.sinaimg.cn/1563926367/180/5657943694/1","0","","","","","",""
"13","1742121542","八卦_我实在是太CJ了","男","","成熟淡定优雅知性","广东 广州","taicj","497","3795599","4353","","","http://tp3.sinaimg.cn/1742121542/180/40036262233/1","0","","","","","",""
"14","1667007123","一起时尚旅行","男","","旅游名博，资深旅行家，旅游专栏作家，自由摄影师。(合作、投稿QQ:15252852)","四川 成都","wbxhsc","220","576397","1634","","","http://tp4.sinaimg.cn/1667007123/180/40022262479/1","0","","","","","",""
"15","2562810123","1句实话","男","","加QQ 2531837073，请标注到访原因！","北京 海淀区","bkwyh","324","1289151","25428","","","http://tp4.sinaimg.cn/2562810123/180/5693723818/1","0","","","","","",""
"16","1097414213","袁裕来律师","男","","全国律师协会行政法专业委员会副主任，我国第一个专门承办行政案件的专职律师。专著：《民告官手记》（1－8）等9本。","浙江 宁波","1097414213","639","5882553","43044","","","http://tp2.sinaimg.cn/1097414213/180/39997989374/1","0","","","","","",""
"17","1337970873","延参法师","男","","河北省佛教协会副会长，沧州市佛教协会会长","河北 石家庄","hutuheshang","1748","25488303","21344","","","http://tp2.sinaimg.cn/1337970873/180/5603945674/1","0","","","","","",""
"18","1265020392","阿信","男","","2014 五月天 巡迴演唱會 http://www.bin-music.com.tw/events/mayday/2012concert/","台湾 台北市","musiq","89","18481356","1136","","","http://tp1.sinaimg.cn/1265020392/180/40030782486/1","0","","","","","",""
"19","1342829361","加措活佛-慈爱基金","男","","优美的文字是心里的良药！","西藏","jchf","1604","5386702","2679","","","http://tp2.sinaimg.cn/1342829361/180/1279877562/1","0","","","","","",""
"20","1275017594","小P老师","男","","被时尚媒体誉为打造美的魔术师；PS造型艺术总监；媲美网www.pimei.com创始人；即魅JMIXP品牌创始人。工作邮箱xiaoplaoshi@pimei.com","北京 朝阳区","perry28pp","952","34999014","7212","","","http://tp3.sinaimg.cn/1275017594/180/5669106812/1","0","","","","","",""
"21","1420174783","文怡","女","","工作电话：15201659087 。课堂电话010-84765173。中年已婚女吃主。吃，喝，玩，乐，健走，瞎画，是我生命中最重要的事儿。","北京 东城区","wenyi","1573","2124312","29693","","","http://tp4.sinaimg.cn/1420174783/180/5663399251/0","0","","","","","",""
"22","1182391231","潘石屹","男","","永葆一颗纯洁、仁慈和意气风发的心。","北京","panshiyi","92","16896013","19925","","","http://tp4.sinaimg.cn/1182391231/180/5602749938/1","0","","","","","",""
"23","1249159055","苏芩","女","","《苏芩女学馆》是一档面向都市女性的视频节目。每周一期，教你用好女人的天生优势。工作联系suqinbk@qq.com","北京 朝阳区","suqinbk","861","35282083","3026","","","http://tp4.sinaimg.cn/1249159055/180/5671235294/0","0","","","","","",""
"24","1193476843","主播李湘","女","","幸福快乐的生活！ 联络事务：MangoLX@vip.sina.com 梁小姐","北京 朝阳区","1193476843","398","17257634","1671","","","http://tp4.sinaimg.cn/1193476843/180/5646153899/0","0","","","","","",""
"25","2929571482","扒皮王","男","","娱乐而已。 工作联系：realpipi@126.com","北京 朝阳区","bapiwang","587","2561835","1210","","","http://tp3.sinaimg.cn/2929571482/180/5691501594/1","0","","","","","",""
"26","1701401324","徐昕","男","","微信：徐昕/poetjustice。法学教授，公益律师，法治中国，诗性正义","北京 东城区","poetjustice","812","8879829","4976","","","http://tp1.sinaimg.cn/1701401324/180/5689726115/1","0","","","","","",""
"27","1701580461","我为女鞋狂","男","","关注有关鞋的选择、搭配、设计、保养等知识。(个人微信：wwnxk001）","四川 成都","youend","459","275924","3438","","","http://tp2.sinaimg.cn/1701580461/180/40031607715/1","0","","","","","",""
"28","1266321801","姚晨","女","","一颗很逊的卤蛋。","北京 朝阳区","yaochen","626","68879033","7211","","","http://tp2.sinaimg.cn/1266321801/180/5650856450/0","0","","","","","",""
"29","1746580461","湖南卫视芒果捞","男","","「我的字典里没有节操这个字」工作邮箱：vip@mangguolao.net","湖南 长沙","mangguolao","790","803119","16625","","","http://tp2.sinaimg.cn/1746580461/180/5693671541/1","0","","","","","",""
"30","1249193625","乐嘉","男","","网站www.fpaworld.com 微信lejiafpa 联系amy18616358673 邮箱lejiafpa@126.com","上海 黄浦区","lejia","6","40719192","2986","","","http://tp2.sinaimg.cn/1249193625/180/5693634633/1","0","","","","","",""
"31","1195354434","林俊杰","男","","我是音乐狂人，生活追求者，艺术梦想家","台湾 台北市","jjlin","348","22769014","3379","","","http://tp3.sinaimg.cn/1195354434/180/40048181560/1","0","","","","","",""
"32","1854627907","伟大的安妮","男","","“我就是我，不一样的肥婆。”微信greatanny 周边http://greatanny.taobao.com/ 正事Q1815249816","其他","greatanny","880","4250391","683","","","http://tp4.sinaimg.cn/1854627907/180/40054352106/1","0","","","","","",""
"33","1220924217","杜海涛Hito","男","","我爱我自己。","其他","duhaitao","563","14664908","4181","","","http://tp2.sinaimg.cn/1220924217/180/5657897858/1","0","","","","","",""
"34","1670697373","刘同","男","","十年对话图文集「谁的青春不迷茫」全国全面发售，当当亚马逊京东。专栏：《读者?原创版》；腾讯《大家》；《女友》。工作联系：晓强186-1833-3590","北京 朝阳区","suseyiyuan","1160","8775948","6677","","","http://tp2.sinaimg.cn/1670697373/180/5693737914/1","0","","","","","",""
"35","1173544654","叶一茜","女","","东方风行签约艺人，工作事宜联系 赵小姐：邮箱: 66240459@qq.com 郝小姐 邮箱：haowenjing718@126.com","北京","yeyiqian","414","8780024","2739","","","http://tp3.sinaimg.cn/1173544654/180/5692591408/0","0","","","","","",""
"36","1258256457","Houson猴姆","男","","这货就是【猴姆独家】！！！","北京 朝阳区","houson100037","517","1377277","29848","","","http://tp2.sinaimg.cn/1258256457/180/5616578718/1","0","","","","","",""
"37","2672331597","崔始源","男","","SUPER JUNIOR, SM ENTERTAINMENT","海外 韩国","choisiwonkr","49","13111450","703","","","http://tp2.sinaimg.cn/2672331597/180/5690481216/1","0","","","","","",""
"38","1087770692","陈坤","男","","莫失己道，莫扰他心。","重庆","chenkun","502","72994878","4228","","","http://tp1.sinaimg.cn/1087770692/180/5695174745/1","0","","","","","",""
"39","1344360230","Kevin凯文老师","男","","一起往美的路上前進！ 邮箱（仅限工作联络）：kevinforwork@gmail.com 公众微信号：kevinchouwx","台湾 台北市","kevinchouwb","303","41401105","8220","","","http://tp3.sinaimg.cn/1344360230/180/5661702020/1","0","","","","","",""
"40","1585354514","文史女教师","女","","著有《清初京师贰臣诗人研究》、《煮茶话君王》等。微信：LL878978659","海南 海口","1585354514","311","468328","5892","","","http://tp3.sinaimg.cn/1585354514/180/22839042067/0","0","","","","","",""
"41","1656809190","赵薇","女","","感恩","北京","zhaowei","409","57965066","3500","","","http://tp3.sinaimg.cn/1656809190/180/5678782742/0","0","","","","","",""
"42","1266286555","吴奇隆TD","男","","","北京 朝阳区","wuqilong","648","35841562","2927","","","http://tp4.sinaimg.cn/1266286555/180/5693737971/1","0","","","","","",""
"43","1282005885","蔡康永","男","","**工作聯絡: manager@hte888.com~ 謝謝你","台湾 台北市","caikangyong","1759","26351020","914","","","http://tp2.sinaimg.cn/1282005885/180/5690642013/1","0","","","","","",""
"44","1243667280","郭涛","男","","邮箱：gtycstudio@126.com  经理人@红苹果小姐","北京","guotaoblog","328","10240085","891","","","http://tp1.sinaimg.cn/1243667280/180/5692066619/1","0","","","","","",""
"45","2715025067","微博会员","女","","唠嗑、吃瓜子、谈理想、聊生活，小会长在微博等你http://vip.weibo.com/","北京 海淀区","weibohuiyuan","634","3829298","3426","","","http://tp4.sinaimg.cn/2715025067/180/5686666608/0","0","","","","","",""
"46","1261700994","戚薇","女","","7哥相关所有：经纪事务，演出活动，戏剧接洽，商务交流。。。请联络经纪人：Miki Zhang 张美琪小姐：E-mail：mikizhangyi@163.com","北京","qiweiblog","434","19864996","2139","","","http://tp3.sinaimg.cn/1261700994/180/5680668204/0","0","","","","","",""
"47","1197362373","张嘉佳","男","","花开两朵，天各一方。工作事宜请联系洛小姐: justastudio@163.com","江苏 南京","zhangjiajia","718","3787296","830","","","http://tp2.sinaimg.cn/1197362373/180/40037222750/1","0","","","","","",""
"48","2123664205","英式没品笑话百科","男","","没品图网站www.meipintu.com","海外 英国","sickipedia","236","1441043","9866","","","http://tp2.sinaimg.cn/2123664205/180/22867572046/1","0","","","","","",""
"49","1745885344","吳大偉DvWooooo","男","","护肤品牌朴尔因子:http://purefactor.taobao.com/合作联系：李先生 15989031461加入朴尔因子：江小姐 13711423227","广东 广州","dvdavid","503","3572238","1507","","","http://tp1.sinaimg.cn/1745885344/180/40022720519/1","0","","","","","",""
"50","1228486722","王珞丹","女","","博主祇在這裡瞎胡鬧，正經事請找@王珞丹工作室","北京","wangluodan","736","32047057","2201","","","http://tp3.sinaimg.cn/1228486722/180/5648119363/0","0","","","","","",""
"51","1195242865","杨幂","女","","这里有一只狐狸，幸福，感恩，知足，爱~＞＜","北京","yangmiblog","580","34082585","2551","","","http://tp2.sinaimg.cn/1195242865/180/5692327455/0","0","","","","","",""
"52","1624923463","华晨宇yu","男","","","湖北 武汉","1624923463","81","3567541","187","","","http://tp4.sinaimg.cn/1624923463/180/5680937847/1","0","","","","","",""
"53","1764523734","所长别开枪是我","男","","信星座的人们通常有两种性别。女和基。快发私信“DY”给我","福建 厦门","superteaegg","262","2586792","6908","","","http://tp3.sinaimg.cn/1764523734/180/40055696733/1","0","","","","","",""
"54","1223179064","袁弘","男","","日行一善，夜扯一淡。一个不高尚但纯粹的货，一个脱离不了低级趣味的货。十八禁。 工作邮箱：emma.lee@thebrandcore.com 经纪人Emma：18621915599","其他","yuanhong","532","32749439","3433","","","http://tp1.sinaimg.cn/1223179064/180/1279875625/1","0","","","","","",""
"55","1196235387","马伊琍","女","","","北京 朝阳区","mayili","187","34643599","4909","","","http://tp4.sinaimg.cn/1196235387/180/5673340915/0","0","","","","","",""
"56","1198920804","杨澜","女","","欢迎大家关注我的官方微信：yanglan_weixin","北京 东城区","yanglan","123","34882808","4835","","","http://tp1.sinaimg.cn/1198920804/180/22872058304/0","0","","","","","",""
"57","1223762662","林心如","女","","工作聯繫~lisa谭小姐 tanlisa0829@gmail.com","台湾","linxinru","214","56798489","5892","","","http://tp3.sinaimg.cn/1223762662/180/5691838903/0","0","","","","","",""
"58","2507912842","阅读社会","男","","把这社会当书看！v信：ydsh777","其他","ydsh999","1042","852923","19331","","","http://tp3.sinaimg.cn/2507912842/180/5688358856/1","0","","","","","",""
"59","1722594714","舒淇","女","","心存善念惜福喔(o^,^o)~~","香港","shuqi","231","24962920","2426","","","http://tp3.sinaimg.cn/1722594714/180/1283204804/0","0","","","","","",""
"60","2283406765","焦点联播","男","","关注焦点、贬恶扬善。合作加QQ：583623759","上海 黄浦区","2283406765","713","369950","4619","","","http://tp2.sinaimg.cn/2283406765/180/40049310336/1","0","","","","","",""
"61","1220926753","吴昕","女","","工作事宜，请发邮件至hellorfila@gmail.com","其他","wuxin","340","11379006","1197","","","http://tp2.sinaimg.cn/1220926753/180/5674240143/0","0","","","","","",""
"62","1635764393","袁腾飞","男","","读历史即是读人心。","北京 东城区","yuantengfei","372","5770170","5890","","","http://tp2.sinaimg.cn/1635764393/180/22874095005/1","0","","","","","",""
"63","1706987705","六六","女","","工作，采访，书籍版权及电子版权等事宜，请联系经纪人邹先生，手机18616330026 Email：66invisibleman@gmail.com 多谢！","上海 浦东新区","Lady66SH","188","11497828","12965","","","http://tp2.sinaimg.cn/1706987705/180/40005455810/0","0","","","","","",""
"64","1854283601","郭德纲","男","","珠丸之珍，雀不祈弹。金鼎之贵，鱼不求烹。富贵长生，天作主由不得我。钢骨正气，我作主由不得天。","北京","guodegang","63","58940938","1063","","","http://tp2.sinaimg.cn/1854283601/180/5683522855/1","0","","","","","",""
"65","1609875432","斯道","男","","欲戴王冠，必承其重 ? @邓喵叽 邮箱：yangsidao@vip.163.com","海外 美国","4dao","691","343771","1364","","","http://tp1.sinaimg.cn/1609875432/180/5679784046/1","0","","","","","",""
"66","1741069204","夏河","男","","夏河星店：jlaw.taobao.com","北京 朝阳区","dooooob","257","3857465","1490","","","http://tp1.sinaimg.cn/1741069204/180/5669792730/1","0","","","","","",""
"67","1644051882","顾剑","男","","曾服务于《南方都市报》、《南方体育》等纸媒，曾担任广东电视台国际足球解说嘉宾、2009年美国国务院国际访问者（IV）","广东 广州","deeplyloveowen","900","3558151","34162","","","http://tp3.sinaimg.cn/1644051882/180/40052948639/1","0","","","","","",""
"68","1676082433","高圆圆","女","","","北京","gaoyuanyuan","257","35030453","1001","","","http://tp2.sinaimg.cn/1676082433/180/5616077766/0","0","","","","","",""
"69","1691761292","叫兽易小星","男","","新作品是&lt;万万没想到&gt;,微信jiaoshou123456。作品全集jiaoshoutv.com 。简历发至hr@wanhetianyi.com","北京 朝阳区","jiaoshoutv","888","4298234","4665","","","http://tp1.sinaimg.cn/1691761292/180/5683017473/1","0","","","","","",""
"70","1640571365","罗永浩","男","","Smartisan，智能机时代的工匠","北京","laoluoyonghao","1719","6823348","23205","","","http://tp2.sinaimg.cn/1640571365/180/22874912861/1","0","","","","","",""
"71","3154924132","方圆正行","男","","相逢就是缘份,自在才是快乐平安才是幸福,觉悟才是人生。","四川 成都","3154924132","2344","23779232","571","","","http://tp1.sinaimg.cn/3154924132/180/5684825256/1","0","","","","","",""
"72","1755370981","彭于晏","男","","不停的翻滾！ stay hungry, stay foolish.","台湾 台北市","eddiepeng","445","10140641","2954","","","http://tp2.sinaimg.cn/1755370981/180/5674018948/1","0","","","","","",""
"73","1295950295","陈晓","男","","工作邀约：经纪人李丹，010﹣85570230邮箱：Ld6919@126.com（无事勿扰！谢谢！）","北京","realchenxiao","358","4494042","2147","","","http://tp4.sinaimg.cn/1295950295/180/5679651409/1","0","","","","","",""
"74","1692544657","黑人建州","男","","態度決定自己的夢想.....如果有工作或是合作上的事務找我！請連絡傳奇星阿偉 @淡水呂 awei@alegendstar.com感謝了＋886955699502","台湾","1692544657","517","13461877","5454","","","http://tp2.sinaimg.cn/1692544657/180/5634295149/1","0","","","","","",""
"75","1740006601","牛尔","男","","我是老牛，出过几本美容书，专精保养品研发，欢迎一起来到我的美丽世界。 娜露可官网： www.naruko.com.cn 淘宝店： niuer.taobao.com","台湾 台北市","narukodlux","713","13062921","11711","","","http://tp2.sinaimg.cn/1740006601/180/1289783217/1","0","","","","","",""
"76","1310872334","_-冰翼-_","男","","微信：bingyiv 大龄文艺、文学青年、业余厨子、专业吃货、完美主义者、喜欢灵动的文字、炫目的图片、优雅的古典音乐等一切唯美事物。 QQ:16837214","辽宁 沈阳","zytarzan","2535","508689","10765","","","http://tp3.sinaimg.cn/1310872334/180/5613303445/1","0","","","","","",""
"77","3125046087","刘烨","男","","","北京","3125046087","42","38005972","367","","","http://tp4.sinaimg.cn/3125046087/180/5691684305/1","0","","","","","",""
"78","3290237651","美鞋控_CoCo","女","","微信号：CoCo198935","四川 成都","3290237651","615","120385","882","","","http://tp4.sinaimg.cn/3290237651/180/5689518215/0","0","","","","","",""
"79","1680990025","Alex是大叔","男","","杨綋堃，异地咨询:占星、择日、卜卦、改/起名，请戳→http://t.cn/hbxS9I  媒体邀约、合作请邮件：yanghongyialex@gmail.com；微信“astro_alex”","上海 黄浦区","alexlovely","131","1582364","4478","","","http://tp2.sinaimg.cn/1680990025/180/5619792799/1","0","","","","","",""
"80","2637337657","陆亚萍","女","","如果您想了解更多，请登录亚萍集团网站：http://www.yping.com.cn","江苏 南通","2637337657","430","42490712","3115","","","http://tp2.sinaimg.cn/2637337657/180/5691795775/0","0","","","","","",""
"81","1444865141","马伯庸","男","","朴实刚健，情绪多变，事少食烦，低调爱现","北京 朝阳区","maboyong","666","1866210","8005","","","http://tp2.sinaimg.cn/1444865141/180/40055369046/1","0","","","","","",""
"82","1497005993","王岳伦","男","","工作事宜请联系yuelun_studio@163.com","北京","yuelun","325","6992991","562","","","http://tp2.sinaimg.cn/1497005993/180/5685466352/1","0","","","","","",""
"83","1252036043","尚雯婕","女","","尚雯婕工作室：laureworks@163.com, 15120057205","北京","shangwenjie","1427","6226246","3452","","","http://tp4.sinaimg.cn/1252036043/180/5676362227/0","0","","","","","",""
"84","2512591982","圈少爷","男","","行走在娱乐边上的人。工作联系Q：845247897 非诚勿扰～","海外 英国","turbuson","275","869676","1714","","","http://tp3.sinaimg.cn/2512591982/180/40053049151/1","0","","","","","",""
"85","1337925752","孙坚","男","","工作联络方式：私信@豹纹小姐心雅 email：ssshinya@126.com","北京","sunjian0","618","12967213","4947","","","http://tp1.sinaimg.cn/1337925752/180/5689863575/1","0","","","","","",""
"86","1477045392","五岳散人","男","","安心真好，绿腰生活：lvyaolife.taobao.com 家具木器店：http://wuyuesanren.taobao.com/?spm=2013.1.0.0.6vZAPr","北京 朝阳区","wysr2007","1645","1007067","17304","","","http://tp1.sinaimg.cn/1477045392/180/5639371023/1","0","","","","","",""
"87","1665372775","琢磨先生","男","","生活，就是心怀最大的善意在荆棘中穿行。即使被刺伤，亦不改初衷。工作联系：mrthinker@126.com","海外 美国","coachguo","229","2026954","2349","","","http://tp4.sinaimg.cn/1665372775/180/40040015857/1","0","","","","","",""
"88","2682415432","辣椒二舅","男","","京城名屌（丝）——努力升到皇冠店！http://btlajiao.taobao.com供货事宜请加我合伙人qq：1801011275","北京 东城区","btlajiao","653","337999","9711","","","http://tp1.sinaimg.cn/2682415432/180/5695819152/1","0","","","","","",""
"89","1717175282","李晨nic","男","","不靠天！不靠地！不靠山！不靠水！大家好！我是不靠谱！","上海 卢湾区","1717175282","1134","5012382","9724","","","http://tp3.sinaimg.cn/1717175282/180/5662447361/1","0","","","","","",""
"90","1827652007","于建嵘","男","","中国社会科学院农村所社会问题研究中心主任、教授","北京 东城区","yujianrong","2442","1824053","2564","","","http://tp4.sinaimg.cn/1827652007/180/5686874872/1","0","","","","","",""
"91","1752467960","范范范瑋琪","女","","范范范瑋琪，天涯小歌女 經紀事務請聯繫台灣福茂唱片+886 2 23941828轉經紀部，謝謝","台湾 台北市","1752467960","373","41747801","3366","","","http://tp1.sinaimg.cn/1752467960/180/1283204936/0","0","","","","","",""
"92","1651799795","马翾","男","","部分图文，源自网络，如涉版权，请私信告知，感谢。","北京 朝阳区","maxuan2013","1724","19478134","2388","","","http://tp4.sinaimg.cn/1651799795/180/5666547187/1","0","","","","","",""
"93","1662766362","刘春","男","","孔二狗他哥","北京","lchun","937","2567098","16960","","","http://tp3.sinaimg.cn/1662766362/180/5651899608/1","0","","","","","",""
"94","1033823051","丁来峰","男","","公共意见表达者","北京 东城区","dinglaifeng","912","263736","11635","","","http://tp4.sinaimg.cn/1033823051/180/40053326672/1","0","","","","","",""
"95","3786649467","GDRAGON_OFFICIAL","男","","","海外","GDRAGONOFFICIAL","12","2672030","354","","","http://tp4.sinaimg.cn/3786649467/180/5674006256/1","0","","","","","",""
"96","1191044977","李小璐Super璐","女","","工作事宜@郭红波 或01065805980没有什么能阻挡那心中一抹阳光","北京","lixiaolu","315","18886179","4844","","","http://tp2.sinaimg.cn/1191044977/180/5692194399/0","0","","","","","",""
"97","1826513532","炎亞綸","男","","謹言慎行 多說好話多做好事 我是吳庚霖的化身 炎亞綸","台湾 台北市","1826513532","279","16666181","4045","","","http://tp1.sinaimg.cn/1826513532/180/5676701106/1","0","","","","","",""
"98","1188552450","郭敬明","男","","联系：（北京）赵先生13911325852（上海） 张小姐：021-62530237转158 邮箱：zui@zuibook.com","上海 静安区","guojingming","230","32102925","1361","","","http://tp3.sinaimg.cn/1188552450/180/40006676792/1","0","","","","","",""
"99","1712539910","陈乔恩","女","","工作請聯繫。。喬恩工作室?Wei (嘉偉） wei19780103@gmail.com","台湾","chenchiaoen","291","29424676","3298","","","http://tp3.sinaimg.cn/1712539910/180/5691900053/0","0","","","","","",""
"100","2544162414","张启明v","男","","个人投资人","上海 嘉定区","9koudai","711","2198385","17194","","","http://tp3.sinaimg.cn/2544162414/180/5688908239/1","0","","","","","",""
"101","1214435497","贾乃亮","男","","工作事宜 私信经纪人@郭红波 或010-65805980","北京 东城区","jianailiang","279","27245101","2408","","","http://tp2.sinaimg.cn/1214435497/180/5682380810/1","0","","","","","",""
"102","1644492510","孟非","男","","","江苏 南京","jsbcmf","9","34307419","578","","","http://tp3.sinaimg.cn/1644492510/180/40044292281/1","0","","","","","",""
"103","2981827167","极品霏","女","","我的前任是极品！周边和新书在这→http://jpfei.taobao.com/","广东 广州","2981827167","100","1150131","410","","","http://tp4.sinaimg.cn/2981827167/180/40052262827/0","0","","","","","",""
"104","1212812142","文章同學","男","","","北京 朝阳区","wenzhang626","187","53694388","2214","","","http://tp3.sinaimg.cn/1212812142/180/5627177408/1","0","","","","","",""
"105","1773283005","汪东城TD","男","","佳臻。。queena0220@gmail.com","台湾 台北市","saiyanjiro","601","11331835","3264","","","http://tp2.sinaimg.cn/1773283005/180/5688962266/1","0","","","","","",""
"106","1581391477","歐弟","男","","不要在我用心交流的地方練習你的幽默??","其他","odhs","2804","18292627","445","","","http://tp2.sinaimg.cn/1581391477/180/5692590470/1","0","","","","","",""
"107","1610536214","李静","女","","加入乐蜂网 东方风行传媒 可发简历给我ljhr@lafaso.com","北京","jingjardin","743","10879282","9700","","","http://tp3.sinaimg.cn/1610536214/180/5688810435/0","0","","","","","",""
"108","1749127163","雷军","男","","小米董事长，金山软件董事长。业余爱好是天使投资。","北京 海淀区","leijun","685","8743694","2837","","","http://tp4.sinaimg.cn/1749127163/180/5664354122/1","0","","","","","",""
"109","1259193624","李晨","男","","做一个人生的观光客","北京","lichenlichen","615","12185260","5074","","","http://tp1.sinaimg.cn/1259193624/180/5693692689/1","0","","","","","",""
"110","1706372681","gogoboi","男","","冒着脑残的炮火前进，前进，前进进！工作联系：gogoboi@outlook.com","上海 静安区","gogoboi","515","2147207","5831","","","http://tp2.sinaimg.cn/1706372681/180/40047566153/1","0","","","","","",""
"111","1345566427","佟丽娅","女","","我就是我，丫丫。我只是我，丫丫。｜｜工作请至经纪人邮箱tongliang816@gmail.com","北京 朝阳区","tongliyavk","667","16888399","3808","","","http://tp4.sinaimg.cn/1345566427/180/5672039024/0","0","","","","","",""
"112","1237869662","南派三叔","男","","找我请找郑先生：sheilan@qq.com 影视工作，请e林女士：linshuiyao_2005@vip.163.com","北京 顺义区","npss","418","8321865","46","","","http://tp3.sinaimg.cn/1237869662/180/5674986277/1","0","","","","","",""
"113","2302663124","柯震東Kai","男","","LIFE-SIZE TOY !!","台湾 台北市","kochentung","218","30402654","732","","","http://tp1.sinaimg.cn/2302663124/180/5692440455/1","0","","","","","",""
"114","2625481001","班主任的课","男","","当地较为知名的小学班主任。微信公众号：BZRDK","福建 厦门","xmdashidian","1733","479675","10698","","","http://tp2.sinaimg.cn/2625481001/180/40050720107/1","0","","","","","",""
"115","3109203651","烈枫","男","","个人账号，扯蛋为主，没什么节操！不测评只体验，非媒体只传播，常聊手机平板等数码产品，偶尔也转点科技资讯！","江苏 淮安","3109203651","168","335450","5828","","","http://tp4.sinaimg.cn/3109203651/180/22865968680/1","0","","","","","",""
"116","2710739767","高会民","男","","颜鲁公有云：“怀文守一，履道自居。”追求富足而有品质的生活，对中国的未来有着深深的期待。爱好自由、读书、历史、书法。","河南 郑州","2710739767","674","201086","966","","","http://tp4.sinaimg.cn/2710739767/180/22875873919/1","0","","","","","",""
"117","1197161814","李开复","男","","创新工场CEO，媒体联系：press@chuangxin.com","北京 东城区","kaifulee","512","51253252","13835","","","http://tp3.sinaimg.cn/1197161814/180/1290146312/1","0","","","","","",""
"118","1763582395","韩庚","男","","","北京","hangeng","139","42224342","922","","","http://tp4.sinaimg.cn/1763582395/180/22872305838/1","0","","","","","",""
"119","2185608961","妖妖小精","女","","原来的@妖妖小精-色系军团 ◆长期猥琐搞笑◆间歇性重口味◆业余时间译制漫画，更新时多时少","辽宁 丹东","yaoyaoxiaojing","432","1169599","10076","","","http://tp2.sinaimg.cn/2185608961/180/22864022241/0","0","","","","","",""
"120","1705586121","GEM鄧紫棋","女","","羅馬書12:19「不要自己伸冤，寧可讓步，聽憑主怒。」","香港 其他","gemtang","298","11970364","3139","","","http://tp2.sinaimg.cn/1705586121/180/40048784096/0","0","","","","","",""
"121","1195031270","郑渊洁","男","","《童话大王》月刊马上就30岁了 邮局订阅代号22－89","北京 朝阳区","zhyj","719","6767894","24572","","","http://tp3.sinaimg.cn/1195031270/180/5680575270/1","0","","","","","",""
"122","1304194202","刘诗诗","女","","我是懒人。。。+懒人出没。。。。。。！！！","北京","shishi310","200","12948899","1099","","","http://tp3.sinaimg.cn/1304194202/180/5691539191/0","0","","","","","",""
"123","3480429883","我是影视狂人","男","","娱评人、影评人。聚焦影视行业，专注娱乐话题。欢迎影视爱好者关注！（电影合作、投稿请私信）","上海 黄浦区","3480429883","40","132990","242","","","http://tp4.sinaimg.cn/3480429883/180/40042167070/1","0","","","","","",""
"124","1574684061","陈赫","男","","工作事宜请联系 13241777069华谊兄弟杨小姐，邮箱chenhe@vip.126.com","上海","chenhe09","826","8035097","2788","","","http://tp2.sinaimg.cn/1574684061/180/5653874120/1","0","","","","","",""
"125","1655843694","孙艺洲","男","","工作请联系：yoyo 18211096757 工作邮箱:yoyozdy@hotmail.com 或 yoyo@ceihk.com.cn 非工作请勿扰 谢谢","其他","sunyizhou2008","561","5954730","1069","","","http://tp3.sinaimg.cn/1655843694/180/5693914294/1","0","","","","","",""
"126","1726544024","数字尾巴","男","","分享数字生活体验、数字生活之美、数码产品评测，欢迎访问『数字尾巴：www.dgtle.com 』，【不刷屏会死星人，关注请慎重】。","广东 广州","dgtle","2185","1829755","77047","","","http://tp1.sinaimg.cn/1726544024/180/5630520790/1","0","","","","","",""
"127","3952070245","范冰冰","女","","","北京","fbb0916","81","9031080","163","","","http://tp2.sinaimg.cn/3952070245/180/5682924171/0","0","","","","","",""
"128","1257818405","周笔畅","女","","還記得年少時的夢嗎。有事請聯絡工作室。beginsstudio@gmail.com","北京","randbibi","213","15275030","1179","","","http://tp2.sinaimg.cn/1257818405/180/5662169556/0","0","","","","","",""
"129","1892119657","中国石磊","男","","上下五千年 纵横一万里 心滤天海色 义取五洲同","海外","1892119657","152","1773009","1951","","","http://tp2.sinaimg.cn/1892119657/180/5610641805/1","0","","","","","",""
"130","1235919683","舒畅","女","","常怀一颗感恩的心。","北京","shuchang","192","1469625","1922","","","http://tp4.sinaimg.cn/1235919683/180/5693058576/0","0","","","","","",""
"131","2795763811","金秀贤","男","","工作洽谈请发送邮件至:keyeast_china@keyeast.co.kr","海外 韩国","soohyunk","5","6820163","68","","","http://tp4.sinaimg.cn/2795763811/180/40046445822/1","0","","","","","",""
"132","1876792387","谭文胜微博","男","","北斗星手机网创始人；北斗青葱手机创始人；小辣椒手机创办人；德信无线创始人之一；琦璂智能手机创始人之一；17VEE董事；天使投资人","北京 朝阳区","1876792387","644","4366320","10789","","","http://tp4.sinaimg.cn/1876792387/180/5652717361/1","0","","","","","",""
"133","1778742953","张靓颖","女","","Y(#^.^#)Y","四川 成都","zhangliangying","230","27475151","3750","","","http://tp2.sinaimg.cn/1778742953/180/5694260157/0","0","","","","","",""
"134","1730726637","林更新","男","","正太大叔都算不上了，叫我师傅。  经纪人金小姐 Jinciyou@sina.com  电话010-85913554","上海 黄浦区","1730726637","488","17307943","1642","","","http://tp2.sinaimg.cn/1730726637/180/40054337171/1","0","","","","","",""
"135","2289674265","张根硕","男","","代表作品《原来是美男》等。「大中华区独家经纪公司：HS Media 工作联络hsmedia0211@hotmail.com」","海外 韩国","jangkeunsuk","34","17575426","1038","","","http://tp2.sinaimg.cn/2289674265/180/40053055202/1","0","","","","","",""
"136","1822299354","李伯清","男","","四川成都人。一切工作事宜请联系华宇春秋文化传媒 闫宇先生：13980799078","四川","dahualiboqing","377","2693188","1003","","","http://tp3.sinaimg.cn/1822299354/180/5688993088/1","0","","","","","",""
"137","1410448443","马靖昊说会计","男","","用友-畅捷通首席会计专家，中央财经大学研究生客座导师，《财会月刊》特约主编，北京市职业院校特聘专家，曾经长期从事会计准则、制度的起草工作。","北京 海淀区","playexam","1723","897411","13347","","","http://tp4.sinaimg.cn/1410448443/180/5662906602/1","0","","","","","",""
"138","1262456801","张歆艺","女","","你们全都是我美好未来的见证人?我是正能量二姐","北京 朝阳区","zhangxinyi","549","9609274","1402","","","http://tp2.sinaimg.cn/1262456801/180/5631429585/0","0","","","","","",""
"139","1191258123","韩寒","男","","韩寒","上海 金山区","hanhan","951","37913291","215","","","http://tp4.sinaimg.cn/1191258123/180/5628108258/1","0","","","","","",""
"140","1373421990","陳鍵鋒sammul","男","","全力支持：烽火佳人，女人淚，微博達人, 亂世佳人, 搜神記, 財神有道, 美人心計, 煙雨斜陽, 盛女, 學警...經理人ivy chau郵箱：cky1792@yahoo.com.hk","香港 其他","chankinfung","696","5678244","1753","","","http://tp3.sinaimg.cn/1373421990/180/5642142700/1","0","","","","","",""
"141","1762509182","飞机的坏品位","男","","＂飞机的坏品位--- 一位崇尚享乐主义的情色作家。＂?","海外 菲律宾","mylittleairplane","1972","1528324","14163","","","http://tp3.sinaimg.cn/1762509182/180/5612006318/1","0","","","","","",""
"142","2577139143","亭林镇工作室","男","","关于“one一个工作室”的小伙伴们以及韩寒相关或者其他……","上海 金山区","tianglinzhen","2666","2792911","7778","","","http://tp4.sinaimg.cn/2577139143/180/5622445167/1","0","","","","","",""
"143","3175177754","FuckYeahFashion","男","","Hi★ [個人INS: PrinceBlogMan ]","其他","fuckyeahfashion","39","579439","1471","","","http://tp3.sinaimg.cn/3175177754/180/22873068993/1","0","","","","","",""
"144","1822836700","李佳航JEAN","男","","益达说：终于可以找到一个可以水电全免，房租减半的人了！ 尔康说：你是我的女人，我一定会让你幸福（姓福）！    工作邀约：cywh88888@vip.126.com","北京 东城区","1822836700","361","3016472","1611","","","http://tp1.sinaimg.cn/1822836700/180/5695185035/1","0","","","","","",""
"145","1496852380","崔永元","男","","","其他","1496852380","212","5111663","662","","","http://tp1.sinaimg.cn/1496852380/180/40047534004/1","0","","","","","",""
"146","1742883382","读书","男","","公共微信：dushuweibo 【加微信荐好书】传媒帝国时代，用读书摆脱媒体意见控制，深入思考，通达真相、真理、真谛。QQ 1735469845","北京 海淀区","wuwei1003673996","445","1161315","3812","","","http://tp3.sinaimg.cn/1742883382/180/5665743456/1","0","","","","","",""
"147","2049787153","宁桓宇","男","","如有工作请联系：陈小姐 微信号：yao1yaochen","北京","2049787153","300","1417848","81","","","http://tp2.sinaimg.cn/2049787153/180/5694701385/1","0","","","","","",""
"148","1666680885","大鹏董成鹏","男","","工作邀约请联络@菜花caulicai 手机(仅短信)：18611618028","北京 朝阳区","dapengpeng","673","3915087","4677","","","http://tp2.sinaimg.cn/1666680885/180/5692545350/1","0","","","","","",""
"149","3491130564","童话镇的邮递员","男","","Hi 我就是童话镇的邮递员啊! 现在 请给我写信吧. ★我会代表太阳赐予你一整天的美好","其他","3491130564","12","1317612","959","","","http://tp1.sinaimg.cn/3491130564/180/22867498728/1","0","","","","","",""
"150","1223465794","张皓宸","男","","真羡慕你这么年轻就认识我了~事务合作请联系QQ2077955796，跟你们唠嗑的微信：zhanghaochen888","北京 朝阳区","zhanghaochen415","289","424708","1041","","","http://tp3.sinaimg.cn/1223465794/180/5693666539/1","0","","","","","",""
"151","1494720324","老榕","男","","王峻涛。电商业者，6688.com；请同时关注@老榕掌柜","北京 朝阳区","laorong","1477","674547","72168","","","http://tp1.sinaimg.cn/1494720324/180/40022326405/1","0","","","","","",""
"152","3198788732","我是潮鞋迷","男","","http://521bangbangtang.taobao.com/","四川 成都","521bangbangtang","450","14234","77","","","http://tp1.sinaimg.cn/3198788732/180/40048038314/1","0","","","","","",""
"153","1935084477","迟夙生律师","女","","人间正道是沧桑","黑龙江 齐齐哈尔","1935084477","2889","491737","55896","","","http://tp2.sinaimg.cn/1935084477/180/1296010958/0","0","","","","","",""
"154","1483330984","侯宁","男","","人称＂空军司令＂，实乃一介醉民！代表作《财富苍生》","北京 海淀区","houning","1866","564486","115386","","","http://tp1.sinaimg.cn/1483330984/180/22868481413/1","0","","","","","",""
"155","1230663070","唐嫣","女","","lovetiffanytang@foxmail.com 糖糖.TIFFANY.糖囡。烦恼最小化~快乐最大化~!要做糖糖糖糖开心糖~!正能量的某颗糖o(^_^)o","上海","tangyan","199","21918949","2354","","","http://tp3.sinaimg.cn/1230663070/180/5605258041/0","0","","","","","",""
"156","1241679004","罗玉凤","女","","大家好，我是凤姐。工作联系：shanghailuoyufeng@163.com","海外 美国","fengjieluoyufeng","0","2514489","3135","","","http://tp1.sinaimg.cn/1241679004/180/5694573950/0","0","","","","","",""
"157","1833538627","讲句良心话","男","","人有两只眼睛，全是平行的，所以应当平等看人；人虽有一颗心，却有左右两个心房，所以做事不但要为自己想，也要为别人想！微信：S13141586","其他","sangking","1179","351028","29986","","","http://tp4.sinaimg.cn/1833538627/180/40053415109/1","0","","","","","",""
"158","1664207987","评述员詹俊","男","","","北京","zhanjun","165","8573313","6804","","","http://tp4.sinaimg.cn/1664207987/180/5677079868/1","0","","","","","",""
"159","1320135280","袁姗姗","女","","工作联系-经纪人：大宇010-85570230 邮箱：gtn0508@126.com","北京","1320135280","396","10001562","1999","","","http://tp1.sinaimg.cn/1320135280/180/5691558099/0","0","","","","","",""
"160","1315420805","神得强Steven","男","","永远相信美好的事情即将发生。","北京 朝阳区","shendeqiang","886","1376582","17758","","","http://tp2.sinaimg.cn/1315420805/180/22875269686/1","0","","","","","",""
"161","1195389671","陆毅","男","","","北京","luyi","174","14475762","1260","","","http://tp4.sinaimg.cn/1195389671/180/5694594481/1","0","","","","","",""
"162","1210558765","于正1978","男","","不辩解不掩饰，即使观众相信狗血多于真相，也要坚持高贵的灵魂和正义的心?","北京 朝阳区","yuzheng","951","1398234","10323","","","http://tp2.sinaimg.cn/1210558765/180/5696031251/1","0","","","","","",""
"163","1644250693","冯绍峰","男","","工作事宜请联系经纪人@梁砚 ifengstudio@163.com","北京","fengshaofeng","278","15028050","89","","","http://tp2.sinaimg.cn/1644250693/180/5693835256/1","0","","","","","",""
"164","1191220232","高晓松","男","","我编剧和监制的电影《同桌的你》票房过四亿。新书《鱼羊野史》上架。＜晓说＞5月30日最后一期。6月6转到爱奇艺改名《晓松奇谈》依然每周五早晨上线。","海外 美国","gaoxiaosong","37","35798426","4177","","","http://tp1.sinaimg.cn/1191220232/180/5627497901/1","0","","","","","",""
"165","1904228041","中国地震台网速报","男","","24小时监测全球地震活动，第一时间权威发布国内外最新地震消息，更有速报私信瞬间送达。领先科技，洞察纤毫。","北京 西城区","ceic","254","4658318","6306","","","http://tp2.sinaimg.cn/1904228041/180/5661995596/1","0","","","","","",""
"166","2539961154","上海发布","男","","飞驰中构建城市蓝图；奔跑中传递城市变迁；信步时欣赏城市美景；闲坐时叙说城市故事。这里是上海市人民政府新闻办官方微博，欢迎围观，共话上海。","上海 黄浦区","shanghaicity","1655","4537017","21315","","","http://tp3.sinaimg.cn/2539961154/180/5680421967/1","0","","","","","",""
"167","1113218211","江宁公安在线","男","","1、有警情一定要及时拨打110，戳警察蜀黍是不一定能及时看到的！ 2、查找经典贴文请点http://blog.sina.com.cn/jngazx","江苏 南京","njjnga","1263","604300","16527","","","http://tp4.sinaimg.cn/1113218211/180/5681917991/1","0","","","","","",""
"168","1958889463","沈阳铁路","男","","沈阳铁路局位于东北路网的中南部，南与北京铁路局相依、北与哈尔滨铁路局毗邻，东与朝鲜民主主义人民共和国铁路相接。经济吸引区为辽宁和吉林两省...","辽宁 沈阳","1958889463","81","430368","32463","","","http://tp4.sinaimg.cn/1958889463/180/22841962684/1","0","","","","","",""
"169","2627641582","上海铁警发布","男","","本局管辖浙、苏、皖、沪的铁路治安，下设杭州、上海、南京、合肥、蚌埠、徐州6个公安处，120个所队，我们愿在此与您加强交流，改进工作，为您服务。","上海","stpolice","845","4114142","20255","","","http://tp3.sinaimg.cn/2627641582/180/40031644350/1","0","","","","","",""
"170","1968863541","平安中原","男","","河南省公安厅网络互动平台。河南公安精神：忠诚、为民、拼搏、奉献。河南公安追求：让社会更平安，让群众更满意。 提示：紧急警情、报警求助请拨打110","河南 郑州","hnsgat","1995","5141670","33685","","","http://tp2.sinaimg.cn/1968863541/180/5662219586/1","0","","","","","",""
"171","2108237403","西铁资讯","男","","西安铁路局官方微博，提供铁路出行资讯、客货运知识、售票点分布、列车时刻查询服务。更多信息请访问（www.xaronline.com）","陕西 西安","xitiezixun","315","496538","19482","","","http://tp4.sinaimg.cn/2108237403/180/5689580323/1","0","","","","","",""
"172","2328516855","公安部打四黑除四害","男","","齐心协力打四黑，警民联手除四害。 ——公安部治安管理局","北京","dshcsh","212","7532597","13502","","","http://tp4.sinaimg.cn/2328516855/180/40051419156/1","0","","","","","",""
"173","1523766213","成都发布","男","","这里是成都市人民政府新闻办公室微博，我们将及时给朋友们提供有关成都的各类信息。","四川 成都","xwfbc","795","5843402","26936","","","http://tp2.sinaimg.cn/1523766213/180/40040831331/1","0","","","","","",""
"174","2054302531","湖南高速警察","男","","湖南省公安厅交警总队高速公路管理支队成立于1995年1月，是省公安厅、交警总队直属的唯一基层实战单位，主要负责全省高速公路的交通管理和治...","湖南 长沙","hngsjc","748","2037584","16029","","","http://tp4.sinaimg.cn/2054302531/180/40048621640/1","0","","","","","",""
"175","2722031203","青岛公安","男","","传递警方信息，回应社会关注；倾听您的诉求，解决您的问题。这里是青岛市公安局官方微博，为城市平安，让市民满意，我们每天都在努力。","山东 青岛","qdgafbt","693","1215757","23482","","","http://tp4.sinaimg.cn/2722031203/180/22860869786/1","0","","","","","",""
"176","1792702427","深圳交警","男","","【搭建沟通互动平台·服务大家安全出行】@深圳交警 是深圳市公安局交通警察局的官方微博，通过本微博，深圳交警将为大家提供以下服务：1、发布...","广东 深圳","shenzhenjiaojing","571","569182","51780","","","http://tp4.sinaimg.cn/1792702427/180/40021557718/1","0","","","","","",""
"177","2097024354","南京发布","女","","六朝古都新天地，人文绿都新风貌，青奥南京新梦想，创业之城新发展……南京市委宣传部新闻发布官方微博——权威发布，清新服务，是您身边的一位好朋友。…","江苏 南京","njfb","1931","2881135","25547","","","http://tp3.sinaimg.cn/2097024354/180/40020454433/0","0","","","","","",""
"178","2696049583","无锡发布","男","","太湖佳绝处、运河水弄堂、灵山吉祥地、百年工商城。这里是无锡市人民政府新闻办公室官方微博——权威发布，服务民生，我们邀您共话无锡。","江苏 无锡","wuxifabu","668","662391","25339","","","http://tp4.sinaimg.cn/2696049583/180/40025211530/1","0","","","","","",""
"179","2115980191","青岛市旅游局官方微博","男","","青岛旅游官方微博，让您了解青岛，爱上青岛！青岛市旅游服务热线12301真诚为您服务，查询更多旅游资讯请登录http://www.qdta.cn","山东 青岛","qdslyj","624","3700864","13602","","","http://tp4.sinaimg.cn/2115980191/180/22861042621/1","0","","","","","",""
"180","2402588051","寿光公安","男","","我们的宗旨：发布消息，安全提醒，警务咨询，便民服务，沟通交流。欢迎您关注、互动。","山东 潍坊","2402588051","584","990115","35830","","","http://tp4.sinaimg.cn/2402588051/180/5662446531/1","0","","","","","",""
"181","1882716230","南昌铁路","女","","南昌铁路局管辖福建、江西两省铁路，跨赣闽而带湘鄂、控东南而引中西,总营业里程6057公里，其中时速200公里及以上线路里程1873公里。","江西 南昌","nctl","1150","3340515","22570","","","http://tp3.sinaimg.cn/1882716230/180/40021825915/0","0","","","","","",""
"182","1870458911","山东省旅游局官方微博","男","","山东省旅游局官方微博，打开美丽山东的窗口，把丰富多彩的旅游资源介绍给大家。岱青海蓝，齐风鲁韵，好客山东欢迎您！山东旅游服务热线12301...","山东 济南","friendlyshandong","844","3401307","30203","","","http://tp4.sinaimg.cn/1870458911/180/22858645432/1","0","","","","","",""
"183","3180544263","V游福建","男","","我们是品牌景区推广中心 ，为大家介绍武夷山、太姥山、白水洋、三坊七巷、湄洲岛、清源山、火山岛、永定土楼、南靖土楼、冠豸山、桃源洞、泰宁景区","福建","fjppjqyxzx","1999","2413740","4742","","","http://tp4.sinaimg.cn/3180544263/180/40025448864/1","0","","","","","",""
"184","1904469113","郑州铁路局","男","","观细微 着长远。郑州铁路局竭诚为您提供优质服务。详情请访问 http://www.zztlj.com","河南","zztlj","205","2798312","21777","","","http://tp2.sinaimg.cn/1904469113/180/22869947155/1","0","","","","","",""
"185","1919688583","上铁资讯","男","","让飞驰的列车拉近你我距离；让温馨的服务相伴漫漫旅程。这里是上海铁路局官方微博，我们将竭诚为您提供丰富实用的服务资讯。欢迎您的关注！客服热线…","上海 闸北区","shrailadm","850","1777474","28938","","","http://tp4.sinaimg.cn/1919688583/180/40021734474/1","0","","","","","",""
"186","2605594314","中国广州发布","男","","　　“微”言大义，“博”系温暖,“中国广州发布”与您携手共织千年羊城美景、同绘国际商贸中心繁华、分享“幸福广州”美好生活。“中国广州发布”期待您的关…","广东 广州","guangzhoufabu","371","3484471","19938","","","http://tp3.sinaimg.cn/2605594314/180/40021835914/1","0","","","","","",""
"187","1742987497","上海地铁shmetro","男","","欢迎关注上海地铁官方微博，我们用信息为您服务，用坦诚与您沟通，用平实向您展现，用倾心和您分享。 24小时服务与监督热线：64370000。","上海","shmetro","1533","5440264","40962","","","http://tp2.sinaimg.cn/1742987497/180/40021820404/1","0","","","","","",""
"188","2659121381","虎门服装","男","","昔日销烟古镇，今日时尚名城。虎门服装官方微博，欢迎大家一起“编织”。","广东 东莞","hmjmb","772","2616866","5060","","","http://tp2.sinaimg.cn/2659121381/180/40021816686/1","0","","","","","",""
"189","1267580610","汉唐网","女","","陕西省文物局 传承中华文明是我们神圣的使命！","陕西 西安","zhangdejiu","1994","192500","22188","","","http://tp3.sinaimg.cn/1267580610/180/40021919347/0","0","","","","","",""
"190","1701367442","平安南粤","男","","广东省公安厅网络问政平台，网络发言人互动平台，网站工作团队。 我们每天都在努力，每天都在进步！温馨提示：紧急警情请拨打当地110报警求助。","广东 广州","gdga","1500","5828144","12803","","","http://tp3.sinaimg.cn/1701367442/180/40021820460/1","0","","","","","",""
"191","2051871693","平安洛宁","男","","真诚沟通，无间交流，服务于民，平安洛宁就在您身边，欢迎@平安洛宁","河南 洛阳","luoninggongan110","1997","184634","57890","","","http://tp2.sinaimg.cn/2051871693/180/40028043880/1","0","","","","","",""
"192","2052064927","平安汝阳","男","","","河南 洛阳","2052064927","1998","8630","13806","","","http://tp4.sinaimg.cn/2052064927/180/5624922029/1","0","","","","","",""
"193","2062571151","福建省旅游局","男","","微言中共享八闽美景，博文间分享旅途心情，海峡旅游欢迎您！福建旅游之窗http://www.fjta.com，旅游服务热线0591-12301 。福建省旅游信息中心发布。","福建 福州","fjta","766","1592925","14630","","","http://tp4.sinaimg.cn/2062571151/180/5620878937/1","0","","","","","",""
"194","2050280313","石家庄共青团","男","","2013年度全国政务微博百强第39名、全国共青团机构第1名；曾先后获得“全国最勤劳政务微博”、“全国十大团委微博”、“河北省十大政务微博”等称号。","河北 石家庄","sjzyouth","1387","1924798","29375","","","http://tp2.sinaimg.cn/2050280313/180/22841890826/1","0","","","","","",""
"195","1780560607","广西旅游局","女","","天下风景，美在广西。广西旅游服务热线：0771-12301。","广西 南宁","gx12301","968","3368614","27720","","","http://tp4.sinaimg.cn/1780560607/180/22842212913/0","0","","","","","",""
"196","2282670150","宿迁之声","男","","聆听自然韵律，品味青春宿迁的和谐之美；沐浴西楚雄风，见证敢试敢闯的创业激情。欢迎来到宿迁市人民政府官方微博——宿迁之声。及时权威发布，竭...","江苏 宿迁","insuqian","1208","1993532","12204","","","http://tp3.sinaimg.cn/2282670150/180/40021646309/1","0","","","","","",""
"197","1288915263","平安北京","男","","这里是北京市公安局官方微博，在这里您可以了解到北京警方的新闻资讯。欢迎您给我们提出意见和建议。","北京","pinganbeijing","965","7589526","23802","","","http://tp4.sinaimg.cn/1288915263/180/5676766538/1","0","","","","","",""
"198","2493592183","警民直通车-上海","男","","警力有限、民力无穷，申城平安离不开全市人民的辛勤付出、倾情配合、集体智慧。警之魂，民之力，让我们警民同心，携手共铸平安上海。 &lt;br /&gt;&lt;br /…","上海 静安区","shanghaipolice","948","3540512","17496","","","http://tp4.sinaimg.cn/2493592183/180/40054305815/1","0","","","","","",""
"199","2418724427","北京发布","男","","传递政务信息，提供群众服务资讯，倾听您的诉求，关注您所关注。爱生活，爱北京。这里是北京市政府新闻办官方微博，欢迎朋友们与我们以及“北京微...","北京 东城区","bjfbt","361","5087395","18029","","","http://tp4.sinaimg.cn/2418724427/180/5616230075/1","0","","","","","",""
"200","1219097704","潍坊交警","男","","爱两肩闪烁的警徽，也爱川流不息的道路；爱信号灯下的坚守，更爱人们平安出行的笑容。我不是&quot;黑猫警长＂，我是爱工作也爱生活的&quot;潍坊交警&quot;。 ...","山东 潍坊","wfjj","1461","943841","67748","","","http://tp1.sinaimg.cn/1219097704/180/22868643497/1","0","","","","","",""
"201","1824298652","平望警方","男","","警力跟着警情走，警务围绕民意转。","江苏 苏州","pwpcs","605","119435","24934","","","http://tp1.sinaimg.cn/1824298652/180/1288859371/1","0","","","","","",""
"202","1701600025","中国国际救援队","男","","国家地震灾害紧急救援队于2001年4月27日成立，由中国地震局、38军某工兵团、武警总医院组成，对外称中国国际救援队。组建以来，共执行汶...","北京","zggjjyd","1389","4967505","9906","","","http://tp2.sinaimg.cn/1701600025/180/5662099927/1","0","","","","","",""
"203","2510826622","虎门太平","男","","昔日销烟古镇，今日滨海商城，盛世太平是我们的追求。虎门镇官方微博期待您的关注。","广东 东莞","humenzhen","697","1507744","12052","","","http://tp3.sinaimg.cn/2510826622/180/40021814339/1","0","","","","","",""
"204","2860954042","鼓楼微讯","男","","","江苏 南京","njxgwx","720","4382576","10840","","","http://tp3.sinaimg.cn/2860954042/180/40041633783/1","0","","","","","",""
"205","2043228245","平安洛阳","男","","沟通交流，服务为民，平安洛阳就在您身边。","河南 洛阳","2043228245","1877","2520740","20403","","","http://tp2.sinaimg.cn/2043228245/180/22861996074/1","0","","","","","",""
"206","2778292197","北京地铁","女","","北京市地铁运营有限公司官方微博","北京 西城区","bjsubway","341","1378941","13232","","","http://tp2.sinaimg.cn/2778292197/180/5662427355/0","0","","","","","",""
"207","2239082677","青岛发布","男","","青岛市人民政府新闻办公室官方微博","山东 青岛","qdfb","672","2992968","10670","","","http://tp2.sinaimg.cn/2239082677/180/5680950958/1","0","","","","","",""
"208","2541592687","新疆发布","男","","大家好，新疆维吾尔自治区人民政府新闻办公室官方微博——“新疆发布”开通啦！我们将作为新疆新闻发布、政务信息公开的一个窗口，欢迎网友们围观！","新疆","xjfb","953","3736742","13533","","","http://tp4.sinaimg.cn/2541592687/180/5695703661/1","0","","","","","",""
"209","2646963635","青岛交警","男","","路畅民安是青岛交警坚持不懈的追求，也是千家万户的共同愿望。在这里，青岛交警与您用心交流，为您真诚服务，请把您的满意和笑容展示给大家，把意见…","山东 青岛","qdjiaojing","673","494651","38894","","","http://tp4.sinaimg.cn/2646963635/180/22861045912/1","0","","","","","",""
"210","3171944275","新余发布","男","","自我定位：重民生、接地气、有温情。 努力方向：做新余市最好看、最有爱、最权威的官方微博。","江西","xinyufabu","633","1669667","11757","","","http://tp4.sinaimg.cn/3171944275/180/40021780817/1","0","","","","","",""
"211","1921066184","重庆交巡警","男","","这里是警民和谐的互动平台，系进一步密切、加深公安机关同人民群众联系的纽带。","重庆 巴南区","cqjxj","290","653582","12899","","","http://tp1.sinaimg.cn/1921066184/180/40025377462/1","0","","","","","",""
"212","1916780343","微成都","女","","爱吃火锅，更爱喝茶，不爱没有阳光的天空；爱摆龙门阵，爱打望，不爱没有田园的水泥森林。爱熊猫，也爱表达。我们，在成都，爱成都！","四川 成都","wechengdu","798","474309","17807","","","http://tp4.sinaimg.cn/1916780343/180/40051019987/0","0","","","","","",""
"213","1988438334","重庆市人民政府新闻办公室","男","","权威发布，清新服务，让我们一起见证重庆的成长——重庆市人民政府新闻办公室官方微博，欢迎围观！","重庆","cqszfxwb","241","1286932","13486","","","http://tp3.sinaimg.cn/1988438334/180/40021818499/1","0","","","","","",""
"214","2001424242","河南省旅游局官方微博","男","","这一生，我们都走在回家的路上！这里是我们心灵的故乡，这里是我们的老家河南……","河南 郑州","henantour","816","1346695","9160","","","http://tp3.sinaimg.cn/2001424242/180/5656320370/1","0","","","","","",""
"215","1662558237","微博云南","男","","敬请关注云南，关注发生在这片神奇美丽土地上的新鲜事！","云南 昆明","yunnan","378","4132469","17308","","","http://tp2.sinaimg.cn/1662558237/180/40048604092/1","0","","","","","",""
"216","1838241624","吴江经济技术开发区派出所","女","","吴江经济技术开发区派出所位于国家级开发区吴江经济技术开发区内，辖区面积80平方公里，东与古镇同里相连，西、南与市政府所在地松陵镇相接。","江苏 苏州","kfqpcs","1997","29592","11354","","","http://tp1.sinaimg.cn/1838241624/180/40025964265/0","0","","","","","",""
"217","1624763627","国家博物馆","男","","纵览古今历史，欣赏中外艺术，欢迎您浏览网站www.chnmuseum.cn，参观中国国家博物馆。","北京 东城区","chnmuseum","592","1506750","10051","","","http://tp4.sinaimg.cn/1624763627/180/5662453894/1","0","","","","","",""
"218","1735882701","深圳公安","女","","广东省深圳市公安局网络问政平台。","广东 深圳","szga","842","2733738","18263","","","http://tp2.sinaimg.cn/1735882701/180/40021842686/0","0","","","","","",""
"219","2417139911","交通北京","男","","传达交通资讯，服务市民出行，倡导文明和谐交通。http://weibo.com/bjsjtw","北京","bjsjtw","554","2409860","30164","","","http://tp4.sinaimg.cn/2417139911/180/5662099074/1","0","","","","","",""
"220","2549511007","中国铁路","女","","“中国铁路”微平台，与您一路同行。","北京 海淀区","chineserailways","32","1279239","15565","","","http://tp4.sinaimg.cn/2549511007/180/40021815233/0","0","","","","","",""
"221","2590506062","北京亦庄","男","","国际高端产业新区","北京","2590506062","104","860490","4603","","","http://tp3.sinaimg.cn/2590506062/180/5624174520/1","0","","","","","",""
"222","2760402625","沈阳发布","男","","沈阳，一个焕发了青春与活力的城市！作为历史文化名城、中国装备制造业基地、最具活力之都、生态宜居城市，幸福沈阳与您共享美好生活。这里是沈阳市…","辽宁 沈阳","syfbt","129","2191827","14874","","","http://tp2.sinaimg.cn/2760402625/180/22874870317/1","0","","","","","",""
"223","2269263531","中国维和警察","男","","这里是中国维和警察官方微博。我们将努力为您打造了解中国维和警察日常工作、知悉中国维和警察最新资讯、分享中国维和警察切身体会的平台和纽带。 …","北京 东城区","zgwhjc","982","4853724","8624","","","http://tp4.sinaimg.cn/2269263531/180/22872385898/1","0","","","","","",""
"224","2443744521","豫法阳光","男","","河南省高级人民法院新浪官方微博","河南 郑州","2443744521","1468","4138073","20261","","","http://tp2.sinaimg.cn/2443744521/180/5661902232/1","0","","","","","",""
"225","1959210547","余杭公安","男","","杭州市余杭区公安分局网络交流平台【报警电话：110】【举报、投诉、建议可以直接私信我；警民携手，共创平安。】","浙江 杭州","yuhangga110","913","77056","15925","","","http://tp4.sinaimg.cn/1959210547/180/40022537845/1","0","","","","","",""
"226","1772699810","河北公安网","男","","河北省公安厅官方网站-河北公安网关联微博。发布河北省权威的公安新闻，最新最全的警方提示，第一时间的案件通报。努力做有深度有温度的微博!...","河北 石家庄","hebeigongan","1157","467408","11648","","","http://tp3.sinaimg.cn/1772699810/180/5662443540/1","0","","","","","",""
"227","1910695630","广东共青团","男","","爱微博，爱思考，也爱青春 爱时尚，爱旅游，更爱广东 幸福是看到留守儿童和爸妈团聚，感动是帮助农民工圆大学之梦，骄傲是为山区儿童建幸福厨房 这…","广东 广州","1910695630","1980","1106296","38014","","","http://tp3.sinaimg.cn/1910695630/180/40023292138/1","0","","","","","",""
"228","2153270810","蚌埠铁路公安在线","男","","蚌埠铁路公安处官方微博。本处肩负确保皖北安全、畅通重任。愿以此平台与您加强交流，改进工作，为您服务。","安徽 蚌埠","btgac","1989","841549","38557","","","http://tp3.sinaimg.cn/2153270810/180/5601876569/1","0","","","","","",""
"229","2998045524","苏州发布","男","","飞驰中构建大城苏州；回眸时领略雅致姑苏。这里是苏州市人民政府新闻办官方微博——权威发布，沟通你我","江苏 苏州","suzhouio","419","316214","20735","","","http://tp1.sinaimg.cn/2998045524/180/5661738446/1","0","","","","","",""
"230","2892786960","深圳微博发布厅","女","","深圳，一座年轻的城市，充满活力和梦想，是观察当代中国的重要窗口。“深圳微博发布厅”是这座城市的政务微博平台。我们将在这里及时为广大市民和关心…","广东 深圳","shenzhenfabu","738","1175136","23712","","","http://tp1.sinaimg.cn/2892786960/180/22842129318/0","0","","","","","",""
"231","1918830794","太原铁路","女","","太原铁路局成立于2005年3月18日，管辖南北同蒲、大秦、京包等十四条干线和宁苛、太古岚等十一条支线，路网纵贯三晋南北，横跨晋冀京津两省两市。","山西 太原","tytlwb","262","490467","20961","","","http://tp3.sinaimg.cn/1918830794/180/40022787443/0","0","","","","","",""
"232","3195619433","太仓发布","男","","微知民情 博采众议","江苏 苏州","taicangfabu","987","581281","13824","","","http://tp2.sinaimg.cn/3195619433/180/40021819653/1","0","","","","","",""
"233","2942982592","钟山清风","女","","反腐倡廉，你我同行！如有咨询、求助、建议、投诉类问题，请直接拨打12345政府服务呼叫热线。如举报单位或党员、干部等纪检监察对象违纪违法...","江苏 南京","2942982592","695","2377225","6670","","","http://tp1.sinaimg.cn/2942982592/180/5661757585/0","0","","","","","",""
"234","1796308821","平安常州","男","","欢迎来到江苏省常州市公安局官方微博。","江苏 常州","czga","379","1271991","15512","","","http://tp2.sinaimg.cn/1796308821/180/40021732018/1","0","","","","","",""
"235","2015316631","广东天气","男","","天气信息、应急信息、预警信息发布的平台，气象科普的园地，百姓生活的参考，与公众沟通互动的桥梁。","广东 广州","gdweather","61","853433","8445","","","http://tp4.sinaimg.cn/2015316631/180/40022190738/1","0","","","","","",""
"236","2230249757","李沧交警","男","","交警李沧大队位于青岛市京口路51号，辖区总面积约98平方公里，道路327条，总长度约346公里，驾驶员约15、7万人，机动车保有量约为100000余辆。","山东 青岛","2230249757","1998","33245","40290","","","http://tp2.sinaimg.cn/2230249757/180/22860986933/1","0","","","","","",""
"237","2733235265","智慧长阳","男","","房山区长阳镇人民政府官方微博","北京 房山区","2733235265","1421","327921","5416","","","http://tp2.sinaimg.cn/2733235265/180/22841955202/1","0","","","","","",""
"238","2698146894","河北发布","男","","咱家河北，京畿重地，内环京津、外沿渤海。巍巍太行，大好河山气势壮；风骨燕赵，文化古韵味悠长。咱家人慷慨豪迈，淳朴善良。发布厅是咱的e言堂…","河北 石家庄","2698146894","300","2391144","13196","","","http://tp3.sinaimg.cn/2698146894/180/40021408991/1","0","","","","","",""
"239","1997946033","浙江省旅游局","男","","诗画江南，山水浙江。浙江旅游竭诚欢迎您！来了满意请告诉您的朋友，不满意请告诉我们。(咨询服务投诉电话：0571-12301)","浙江 杭州","zjta","865","1689340","15177","","","http://tp2.sinaimg.cn/1997946033/180/40021831256/1","0","","","","","",""
"240","1828183230","平安吴江","男","","吴江——江南水乡的典型代表，东临上海，南接浙江，地处长三角腹地，是享誉全国的“鱼米之乡”、“丝绸之府”。2010年位列中国百强县（市）第五名。","江苏 苏州","jswjga","520","23584","9639","","","http://tp3.sinaimg.cn/1828183230/180/40022696214/1","0","","","","","",""
"241","1893817620","平安铁路","男","","简介：“平安铁路”是杭州铁路公安处网络问政和警民互动平台。目前，杭州铁路公安处主要承担着浙江省境内的铁路治安管理工作，下辖29个基层单位。我们…","浙江 杭州","patl","2001","429272","38031","","","http://tp1.sinaimg.cn/1893817620/180/5620268043/1","0","","","","","",""
"242","1916657595","北京铁路","男","","北京铁路局是一个以铁路客货运输为主的国有特大型运输企业。所辖线路，东入渤海，西通太行，北越长城，南延黄河，覆盖京、津、冀全境以及晋、鲁、豫…","北京 海淀区","1916657595","361","2640929","13592","","","http://tp4.sinaimg.cn/1916657595/180/40021820450/1","0","","","","","",""
"243","2505952710","服务乐清","女","","服务民生，服务乐清，“有事您说话！”乐清网络问效平台官方微博。","浙江 温州","2505952710","1257","30165","45502","","","http://tp3.sinaimg.cn/2505952710/180/5661673073/0","0","","","","","",""
"244","1419172372","安徽公安在线","男","","让我们共同努力，营造公平正义的法治环境和优质高效的服务环境！报警、投诉，请拨110。民警违法违纪举报，请拨12389。","安徽 合肥","ahpolice","666","5884215","14131","","","http://tp1.sinaimg.cn/1419172372/180/40021731860/1","0","","","","","",""
"245","1823693670","江苏省吴江汾湖派出所","男","","立警为公，执法为民。","江苏 苏州","110foho","2000","15978","19506","","","http://tp3.sinaimg.cn/1823693670/180/40005834501/1","0","","","","","",""
"246","2119628851","中国文明网","女","","中国文明网官方微博","北京 西城区","zgwmw","873","193191","5707","","","http://tp4.sinaimg.cn/2119628851/180/5662853845/0","0","","","","","",""
"247","2081773115","北京青联","男","","北京市青年联合会（BEIJING YOUTH FEDERATION）简称为北京市青联或北京青联（BYF）,是中国共产党领导下的北京市基本人民团体，是以北京共青团为核心…","北京","bjql","637","1603804","11068","","","http://tp4.sinaimg.cn/2081773115/180/5597481490/1","0","","","","","",""
"248","2723391942","海安发布","男","","江苏海安官方微博。人民网发布的《2012新浪政务微博报告》评定的2012全国十大成长最快政务微博、华东地区进步飞跃奖、2013年第一季十...","江苏 南通","dameihaian","656","1331833","16276","","","http://tp3.sinaimg.cn/2723391942/180/40021576381/1","0","","","","","",""
"249","1898954402","如东警方","男","","沟通群众、服务社会、发布资讯、预警防范、打击犯罪。","江苏 南通","rd110","1231","10214","16915","","","http://tp3.sinaimg.cn/1898954402/180/40025042898/1","0","","","","","",""
"250","1189617115","河北公安网络发言人","女","","这里是河北省公安厅官方微博，感谢您的关注！","河北 石家庄","gongan","1283","3553083","8589","","","http://tp4.sinaimg.cn/1189617115/180/5681893497/0","0","","","","","",""
"251","1892936661","启东市公安局","男","","欢迎您来到启东公安微博，在此我们将和您聊聊身边发生的警事，趣事，分享一些人生感悟，同时我们还将随时倾听您的意见建议，接受您的咨询和监督。...","江苏 南通","1892936661","320","18199","10061","","","http://tp2.sinaimg.cn/1892936661/180/1299822521/1","0","","","","","",""
"252","2044263792","成都共青团","男","","成都共青团是共青团成都市委官方微博，是展现成都共青团特色工作，交流青少年关注热点，引导青少年健康成长的互动平台，欢迎大家前来交流和分享！","四川 成都","cdgqt","1338","946802","15697","","","http://tp1.sinaimg.cn/2044263792/180/40050462621/1","0","","","","","",""
"253","2568435544","宁波发布","男","","书藏古今，港通天下。宁波，一座有着七千年文明史的历史文化名城，一座书写着改革开放传奇的现代国际港口城市……这里是宁波，欢迎围观。","浙江 宁波","nbfb","406","675949","12197","","","http://tp1.sinaimg.cn/2568435544/180/5634108922/1","0","","","","","",""
"254","1827962404","江苏吴江北厍派出所","男","","文明執法，熱情服務。","江苏 苏州","1827962404","2000","2763","19752","","","http://tp1.sinaimg.cn/1827962404/180/1285467686/1","0","","","","","",""
"255","2110048113","河北省旅游局","男","","诚义燕赵 胜境河北 河北旅游欢迎您！！","河北 石家庄","visithebei","1168","3041517","6529","","","http://tp2.sinaimg.cn/2110048113/180/5661844178/1","0","","","","","",""
"256","1702549133","济南公安","男","","我们在您身边！","山东 济南","jinangongan","890","1682235","28164","","","http://tp2.sinaimg.cn/1702549133/180/22849053164/1","0","","","","","",""
"257","2965863571","山东海事","男","","海员新摄会QQ群：211913277","山东","2965863571","828","486246","11646","","","http://tp4.sinaimg.cn/2965863571/180/5681139288/1","0","","","","","",""
"258","2024872695","平安商丘","女","","商丘警察精神：逢一必夺 逢冠必争 克难攻坚 敢打必胜","河南 商丘","pasq","1997","1016163","21438","","","http://tp4.sinaimg.cn/2024872695/180/5662765548/0","0","","","","","",""
"259","3908755088","最高人民法院","男","","","北京","zuigaofa","57","5450257","1272","","","http://tp1.sinaimg.cn/3908755088/180/5681883500/1","0","","","","","",""
"260","3547932981","中国普法","女","","“中国普法”官方微博以权威声音、主流价值、法治特色、清新表达为办博宗旨，坚持正确舆论导向，坚持真实性、原创性、互动性、服务性相统一，最大...","北京","3547932981","497","1018179","3596","","","http://tp2.sinaimg.cn/3547932981/180/5667359218/0","0","","","","","",""
"261","3494982177","中科院之声","男","","我们邀您一起，以科学的眼光看世界，以全球的思维论科学。","北京","zkyzs","108","479570","3910","","","http://tp2.sinaimg.cn/3494982177/180/5682236923/1","0","","","","","",""
"262","1970571421","绸都卫士","男","","拼搏 团结 忠诚 为民是我们的灵魂与精神，用激情与坚守赢取一篇蓝天！","江苏 苏州","1970571421","200","32677","14877","","","http://tp2.sinaimg.cn/1970571421/180/1297754341/1","0","","","","","",""
"263","2054609173","清风漯河","男","","如举报单位或党员、干部等纪检监察对象违纪违法问题，请直接向漯河市纪委信访室反映，举报电话：12388，举报邮箱：lhlzw@163.com。","河南","lhsjw","744","2507508","7435","","","http://tp2.sinaimg.cn/2054609173/180/5662518847/1","0","","","","","",""
"264","2244046892","徐州铁路公安","女","","徐州铁路公安处隶属上海铁路公安局","江苏 徐州","2244046892","1412","122396","19428","","","http://tp1.sinaimg.cn/2244046892/180/5605511136/0","0","","","","","",""
"265","2062425505","闵行法宣零距离","女","","期待和您一起关注法治发展，畅谈法治时事，凝聚法治共识。","上海 闵行区","minhangfaxuan","1716","1167013","9497","","","http://tp2.sinaimg.cn/2062425505/180/40006801760/0","0","","","","","",""
"266","1783206023","如皋市公安局","男","","欢迎来到如皋市公安局官方微博，为您提供最新的警方提示、警营动态、警务咨讯。","江苏 南通","JiangSuRugaopolice","1917","118958","14247","","","http://tp4.sinaimg.cn/1783206023/180/5677549444/1","0","","","","","",""
"267","2696123751","幸福大丰","男","","大家好，我是江苏省大丰市人民政府的官方微博。本微博主要发布：本市出台的各类惠民政策、民生及实事工程进展情况、便民利民信息资讯、重大突发事...","江苏 盐城","xingfudafeng","886","1484487","13911","","","http://tp4.sinaimg.cn/2696123751/180/40026769595/1","0","","","","","",""
"268","1919857493","新疆铁路","男","","乌鲁木齐铁路局管辖范围东起甘肃省境内的安北站，西至与哈萨克斯坦接壤的阿拉山口站，南至和田站，北至北疆地区的北屯市。 咨询、投诉电话：0991--1…","新疆 乌鲁木齐","xjtl","134","652137","38025","","","http://tp2.sinaimg.cn/1919857493/180/40021502255/1","0","","","","","",""
"269","1663933725","平安温州","男","","这里是温州市公安局官方微博，在这里您可以了解到温州公安的最新资讯。欢迎您给我们提出意见和建议。","浙江 温州","chinawep","544","532316","11152","","","http://tp2.sinaimg.cn/1663933725/180/22841300956/1","0","","","","","",""
"270","2710077380","江苏共青团","男","","爱青春，也爱生活，有梦想，也愿奋斗，喜欢行走四方，也会常伴你身边。在青春沃土上中与信仰对话，在希望田野上寻找我身边的好青年，在时代洪流里...","江苏 南京","2710077380","491","258764","11799","","","http://tp1.sinaimg.cn/2710077380/180/40022118434/1","0","","","","","",""
"271","2489610225","天津发布","男","","在海河和海洋文化的哺育下，天津以高度开放的姿态融入世界经济发展的大格局，正在向独具特色的国际性、现代化宜居城市迈进。这里是天津市政府新闻办…","天津","tjszfxwbfb","434","1272152","15511","","","http://tp2.sinaimg.cn/2489610225/180/22841680850/1","0","","","","","",""
"272","2014034660","乐游上海","女","","上海市旅游局http://lyw.sh.gov.cn","上海 黄浦区","shanghaitourism","271","991157","13416","","","http://tp1.sinaimg.cn/2014034660/180/40011133662/0","0","","","","","",""
"273","5000609535","中国政府网","男","","中国政府网由国务院办公厅主办，第一时间权威发布国务院重大决策部署和重要政策文件、国务院领导同志重要会议活动等政务信息。","北京","zhengfu","30","5179733","1872","","","http://tp4.sinaimg.cn/5000609535/180/40042030871/1","0","","","","","",""
"274","2608703882","浦口发布","女","","浦口，隶属南京，位于浩浩长江北岸，长江大桥一桥飞架南北，将之与主城相连。这里是生态之城，百里老山巍巍撑起它的脊梁，十里温泉潺潺赋予它灵秀；…","江苏 南京","pkpublicity","987","1514607","9375","","","http://tp3.sinaimg.cn/2608703882/180/5681976154/0","0","","","","","",""
"275","2206820037","平安成都","男","","这里是四川省成都市公安局网络问政平台，在这里，您可以了解到成都警方的新闻资讯。遇有危难请拨打110。Welcome visit Ch...","四川 成都","2206820037","540","475102","5317","","","http://tp2.sinaimg.cn/2206820037/180/40024689898/1","0","","","","","",""
"276","2418432711","南昌发布","男","","迅捷服务传递政务信息，热切关注社会民情热点，贴心倾听百姓民生诉求。这里是南昌市人民政府新闻办官方微博，欢迎朋友们与我们互动交流。","江西 南昌","nanchangfabu","427","700646","14899","","","http://tp4.sinaimg.cn/2418432711/180/5630285178/1","0","","","","","",""
"277","2156372723","菏泽中院","男","","贴近泥土呼吸大地的芬芳，融入百姓普及法治的精神，以公正公开增强群众依法维权的意识，用法律保障公民更加幸福更有尊严的生活。","山东","hzszy","1320","229948","13959","","","http://tp4.sinaimg.cn/2156372723/180/22861488908/1","0","","","","","",""
"278","1923237421","广州铁路","男","","实时发布各种铁路资讯和旅途趣事。","广东 广州","gztielu","1399","982583","9303","","","http://tp2.sinaimg.cn/1923237421/180/40022122009/1","0","","","","","",""
"279","2634384567","善行河北","女","","“建强省促和谐迎接十八大”系列活动之“善行河北”主题道德实践活动官方微博，河北省委宣传部、省文明办主办。","河北 石家庄","shanxinghebei","676","3814511","10121","","","http://tp4.sinaimg.cn/2634384567/180/22859170189/0","0","","","","","",""
"280","1938330147","外交小灵通","女","","人不分内外，事无惧大小，有心则灵，有情则通，愿作您和外交之间的桥梁纽带。","北京 朝阳区","wjxlt","191","7044332","10486","","","http://tp4.sinaimg.cn/1938330147/180/5626758141/0","0","","","","","",""
"281","2386798841","平安辽宁","男","","辽宁省公安厅新浪官方微博。","辽宁 沈阳","liaoninggongan","375","2927905","24616","","","http://tp2.sinaimg.cn/2386798841/180/22841602559/1","0","","","","","",""
"282","2737798435","微言教育","男","","发布教育资讯，微言教育变化，服务广大网友。","北京","jybxwb","184","4690558","4542","","","http://tp4.sinaimg.cn/2737798435/180/22841947807/1","0","","","","","",""
"283","1919955065","西南铁路","男","","享受服务 快乐旅行——西南铁路伴您温暖同行!","四川 成都","ctcy2011","405","521631","19652","","","http://tp2.sinaimg.cn/1919955065/180/40021818408/1","0","","","","","",""
"284","1848059212","平安七都","男","","“从容七都，平安客服”——信息网络传递，真心融入其中，搭建与本地居民近在“咫尺”的警民沟通新桥梁。","江苏 南京","1848059212","1562","8762","9164","","","http://tp1.sinaimg.cn/1848059212/180/40048791823/1","0","","","","","",""
"285","1498396803","中国天气","女","","中国天气网（www.weather.com.cn）是气象服务门户网站，提供国内外2000余城市天气预报及最新天气资讯，努力成为生活、旅游的好帮手。","北京","weather01","148","325960","26699","","","http://tp4.sinaimg.cn/1498396803/180/22866931731/0","0","","","","","",""
"286","3937348351","共青团中央","男","","","北京 东城区","3937348351","115","911157","1151","","","http://tp4.sinaimg.cn/3937348351/180/5683092722/1","0","","","","","",""
"287","3655703714","精彩河南","女","","打开一扇窗户 传递河南精彩","河南 郑州","3655703714","167","3629003","1694","","","http://tp3.sinaimg.cn/3655703714/180/5680507240/0","0","","","","","",""
"288","2171939562","绍兴市旅游委员会","女","","2500年城址未变，小桥流水乌篷依然。","浙江 绍兴","shaoxingtour","373","579613","12634","","","http://tp3.sinaimg.cn/2171939562/180/40021667509/0","0","","","","","",""
"289","1871802012","深圳天气","男","","安卓版天气客户端下载http://www.szmb.gov.cn/soft/android/index.html，iphone天气客户端下载http://www.szmb.gov.cn/soft/iphone/index.html","广东 深圳","szmb","264","451179","13506","","","http://tp1.sinaimg.cn/1871802012/180/22842212389/1","0","","","","","",""
"290","2417852083","首都健康","男","","北京市卫生局官方微博，宣传卫生政策、传播健康知识、提供服务资讯。","北京 西城区","beijingshiweishengju","576","3521486","5528","","","http://tp4.sinaimg.cn/2417852083/180/5662595813/1","0","","","","","",""
"291","2752396553","国资小新","男","","邀您一起参与国资监督与管理 和您一起关注国企改革与发展","北京 西城区","guozixiaoxin","249","1842583","7245","","","http://tp2.sinaimg.cn/2752396553/180/5662077661/1","0","","","","","",""
"292","1805993862","张家港市公安局","男","","警民携手共创平安港城","江苏 苏州","1805993862","1999","42926","9882","","","http://tp3.sinaimg.cn/1805993862/180/40021732165/1","0","","","","","",""
"293","3005254180","吉林公安","男","","这里是吉林省公安厅官方政务微博，欢迎大家关注！","吉林","jlsgat","438","1661539","4206","","","http://tp1.sinaimg.cn/3005254180/180/5665905012/1","0","","","","","",""
"294","2011678352","南海丹灶","女","","丹成而春秋不老，为灶而依然天成。","广东 佛山","dzgov","532","707160","9487","","","http://tp1.sinaimg.cn/2011678352/180/5603091323/0","0","","","","","",""
"295","1994955825","微博平湖","男","","平湖新闻门户网——平湖网(www.ph2009.com)的官方微博。平湖网由中共平湖市委宣传部主管，平湖市新闻网络中心主办。","浙江 嘉兴","zjph","737","31611","45757","","","http://tp2.sinaimg.cn/1994955825/180/40021559737/1","0","","","","","",""
"296","3817994174","读书笔记","男","","读书笔记公益行动倡导让乡村学生读一本好书，写一份心得。经过志愿者的走访收集，记录每个学生的书籍需求，通过湖南省青少年发展基金会联合全国……","湖南","3817994174","181","69986","1581","","","http://tp3.sinaimg.cn/3817994174/180/22871984478/1","0","","","","","",""
"297","3549916270","中国消防","男","","以消防科普为使命","北京","smtdtyhd","972","809280","4411","","","http://tp3.sinaimg.cn/3549916270/180/5683452578/1","0","","","","","",""
"298","31944638602418542712","平安武汉","男","","平安武汉！","湖北 武汉","2418542712","483","1018152","8705","","","http://tp1.sinaimg.cn/2418542712/180/5662157093/1","0","","","","","",""
"299","1814926304","震泽派出所","女","","震泽公安，守护你我身边。24小时值班电话：0512—63771860,。","江苏 苏州","1814926304","1117","6717","8320","","","http://tp1.sinaimg.cn/1814926304/180/5601428342/0","0","","","","","",""
"300","1859428970","中国警察网","男","","中国警察网是公安部主管，由人民公安报社主办的大型综合性门户网站。","北京 丰台区","cpd2010","948","147523","10245","","","http://tp3.sinaimg.cn/1859428970/180/5690683420/1","0","","","","","",""
"301","2609182255","文明河南","女","","传播文明 、引领风尚","河南 郑州","lovegardenss","804","1949026","15094","","","http://tp4.sinaimg.cn/2609182255/180/5661827936/0","0","","","","","",""
"302","5051914368","清风中原","女","","扬清风，凝正气，清风中原和您在一起！","河南 郑州","hnjw","135","2423211","778","","","http://tp1.sinaimg.cn/5051914368/180/22870119060/0","0","","","","","",""
"303","1655363172","故宫博物院","女","","故宫博物院是以明清两代皇宫和宫廷旧藏文物为基础建立起来的，以宫廷建筑群、古代艺术品及宫廷文化史迹为主要展示内容的大型综合性国家博物馆。","北京","gugongweb","129","1332272","3810","","","http://tp1.sinaimg.cn/1655363172/180/5686722334/0","0","","","","","",""
"304","2553166167","平安渝中","男","","我们坚持“民有所愿，我有所为”的理念，致力于打造平安重庆的窗口，渝中公安就在您身边！","重庆 渝中区","pinganyuzhong","1100","669468","5766","","","http://tp4.sinaimg.cn/2553166167/180/5694105792/1","0","","","","","",""
"305","2626472827","陇南发布","男","","美丽陇南,魅力无限……陇南市委外宣办新闻发布官方微博——发布陇南消息，传播陇南声音，讲述陇南故事，展示陇南风光，推介陇南产品。","甘肃 陇南","2626472827","2000","72131","8548","","","http://tp4.sinaimg.cn/2626472827/180/40022083777/1","0","","","","","",""
"306","2803301701","人民日报","男","","人民日报法人微博。参与、沟通、记录时代。","北京","rmrb","274","20438784","29503","","","http://tp2.sinaimg.cn/2803301701/180/40021767685/1","0","","","","","",""
"307","2656274875","央视新闻","男","","“央视新闻”微博是中央电视台新闻中心官方微博，于2012年11月1日正式上线，是央视重大新闻、突发事件、重点报道的首发平台。","北京","cctvxinwen","174","18798402","32720","","","http://tp4.sinaimg.cn/2656274875/180/5662046341/1","0","","","","","",""
"308","3774371267","爸爸去哪儿","女","","湖南卫视亲子户外成长真实记录《爸爸去哪儿》第一季完美收官！预计将于2014年6月播出第二季，期待您的关注。","湖南 长沙","babaqunaer","207","4659200","1999","","","http://tp4.sinaimg.cn/3774371267/180/5694917122/0","0","","","","","",""
"309","1618051664","头条新闻","女","","每日播报全球各类重要资讯、突发新闻，全天24小时即时发布。欢迎报料、投稿，请发私信或者邮件：xlttnews@vip.sina.com。","北京 海淀区","breakingnews","261","34018718","89539","","","http://tp1.sinaimg.cn/1618051664/180/5661558324/0","0","","","","","",""
"310","1642591402","新浪娱乐","男","","新浪娱乐","北京 海淀区","entpaparazzi","1547","11510464","74323","","","http://tp3.sinaimg.cn/1642591402/180/5661564380/1","0","","","","","",""
"311","1314608344","新闻晨报","男","","曝料热线：021-63529999  微博合作：qq:18214389  客服热线：8008190000、4006200000","上海 闵行区","shmorningpost","505","10241357","46653","","","http://tp1.sinaimg.cn/1314608344/180/40050606188/1","0","","","","","",""
"312","2243807243","这里是美国","女","","环球网美国记者站，为您提供最全面、最权威、有高度、有态度的美国新闻资讯。环球网，世界很精彩！","海外 美国","2243807243","100","4250874","19160","","","http://tp4.sinaimg.cn/2243807243/180/5661782170/0","0","","","","","",""
"313","1974576991","环球时报","男","","报道多元世界    解读复杂中国","北京","huanqiushibaoguanwei","393","1702068","47208","","","http://tp4.sinaimg.cn/1974576991/180/40050781618/1","0","","","","","",""
"314","1638781994","新浪体育","男","","24小时滚动播报最新的体育快讯，趣闻和视频。新浪记者团带来独家图文报道。欢迎爆料、投稿，请发私信或者邮件： sports2009@vip.sina.com","北京","sportschannel","1336","6291026","115980","","","http://tp3.sinaimg.cn/1638781994/180/5661580499/1","0","","","","","",""
"315","1883881851","NBA","男","","NBA中国公司成立于2008年1月，主要管理NBA在大中华区的联赛相关业务。此前, NBA于1992年在香港设立了大中华区的首个办事处。...","北京","nba","133","28405501","60275","","","http://tp4.sinaimg.cn/1883881851/180/40052465133/1","0","","","","","",""
"316","1887790981","广州日报","男","","《广州日报》创刊于1952年12月1日，是广东省发行量第一、订阅量第一、零售量第一和传阅率第一的报纸。","广东 广州","gzdaily","943","4634259","55284","","","http://tp2.sinaimg.cn/1887790981/180/5695453714/1","0","","","","","",""
"317","1653689003","新周刊","男","","《新周刊》，“中国最新锐的时事生活周刊”，创办于1996年8月18日，十七年猛进，已成为中国社会变迁最敏锐的观察者与记录者。","广东 广州","neweekly","446","9623325","18535","","","http://tp4.sinaimg.cn/1653689003/180/40022351616/1","0","","","","","",""
"318","1644489953","南方都市报","男","","南都开通官方微信号了哦，  搜“nddaily”就可以找到我们啦。","广东 广州","nddaily","294","6134096","36170","","","http://tp2.sinaimg.cn/1644489953/180/40055175758/1","0","","","","","",""
"319","1638782947","新浪财经","男","","新浪财经创建于1999年8月，目前已经成为全球华人的首选财经门户，在财经类网站中占有超过三分之一的市场份额！","北京 海淀区","finance","1248","10814096","77176","","","http://tp4.sinaimg.cn/1638782947/180/5661748024/1","0","","","","","",""
"320","2258727970","央视财经","男","","央视财经就在你身边！","北京 海淀区","cctvcaijing","501","5824643","26571","","","http://tp3.sinaimg.cn/2258727970/180/5669630685/1","0","","","","","",""
"321","2286908003","人民网","男","","报道全球 传播中国","北京 朝阳区","renminwang","248","14568146","41310","","","http://tp4.sinaimg.cn/2286908003/180/5684825992/1","0","","","","","",""
"322","1642512402","中国新闻周刊","男","","中国新闻周刊官方微博。定位于信息管家、时事顾问、意见领袖。","北京 西城区","chinanewsweek","1979","6873230","55974","","","http://tp3.sinaimg.cn/1642512402/180/5662445299/1","0","","","","","",""
"323","2028810631","新浪新闻","男","","上新浪新闻客户端，每天了解世界多一点。下载iPhone版客户端：http://t.cn/zQMXBql；下载Android版客户端：http://t.cn/zQMXBEu","北京","sinapapers","25","864831","1225","","","http://tp4.sinaimg.cn/2028810631/180/5685172148/1","0","","","","","",""
"324","1658704130","米娜","女","","《米娜》是倡导自然无造作流行的杂志，提倡日常生活中的实用搭配，自然自信的生活态度。米娜时尚网 http://www.mina.com.cn","上海 黄浦区","minapie","655","5385278","47942","","","http://tp3.sinaimg.cn/1658704130/180/40054756024/0","0","","","","","",""
"325","2807295185","话题","女","","微话题产品官方微博。微话题是基于社会热点、个人兴趣等内容形成的相关专题页，页面将自动收录以#话题词#形式发布的相关微博。","北京","shuangjingzhan","31","1292445","3895","","","http://tp2.sinaimg.cn/2807295185/180/22871348359/0","0","","","","","",""
"326","2615417307","凤凰网","男","","为您带来最好看的新闻。","北京 朝阳区","phoenixnewmedia","493","1307183","13081","","","http://tp4.sinaimg.cn/2615417307/180/22870662579/1","0","","","","","",""
"327","1642482194","创业家杂志","男","","埋头奋斗，抬头愤青。","北京 海淀区","chuangyejia","1993","3238396","38912","","","http://tp3.sinaimg.cn/1642482194/180/5662088971/1","0","","","","","",""
"328","1640601392","新浪视频","男","","提供每日最新时事、轻松搞笑、娱乐八卦视频以及影视大片，全天24小时即时发布。欢迎爆料、投稿，请发私信@新浪视频，或者邮件：videovideo@sina.cn","北京 海淀区","video","1988","6857688","61263","","","http://tp1.sinaimg.cn/1640601392/180/5678167641/1","0","","","","","",""
"329","1323527941","Vista看天下","男","","vista看天下：中国发行量最大的新闻杂志，十天一期，内容涵盖时政、财经、娱乐、文化诸领域。我们的目标是：“做中国最好看的新闻杂志”。","北京 东城区","vistastory","1671","5003963","23206","","","http://tp2.sinaimg.cn/1323527941/180/22841440531/1","0","","","","","",""
"330","2154105251","时尚微吧","女","","爱时尚，爱潮流，这里是时尚达人的地盘，欢迎一起来探讨时尚的秘语。合作类联系@热门微博 http://hot.weibo.com/?v=1599","北京 海淀区","2154105251","95","1272998","5316","","","http://tp4.sinaimg.cn/2154105251/180/40042146738/0","0","","","","","",""
"331","1575527140","江苏卫视","男","","你可以叫我苏蜀黍","江苏 南京","jsbcjstv","275","4200360","14403","","","http://tp1.sinaimg.cn/1575527140/180/40021476246/1","0","","","","","",""
"332","1782599645","安徽卫视","女","","此微博为安徽卫视官方微博，在这里，您将在第一时间获取安徽卫视最新鲜的电视剧和节目动态、最强大的娱乐资讯以及大量的幕后消息。","安徽 合肥","ahtv01","600","5344842","16533","","","http://tp2.sinaimg.cn/1782599645/180/40021303580/0","0","","","","","",""
"333","2175582565","CCTV1梦想星搭档","男","","作为央视品牌节目《梦想合唱团》的姊妹篇，《梦想星搭档》是由撒贝宁、曾宝仪主持的大型原创公益音乐节目。让我们“与明星一起，为公益梦想而战”！","北京","2175582565","544","3300200","6559","","","http://tp2.sinaimg.cn/2175582565/180/5680491086/1","0","","","","","",""
"334","1732370473","乐视网","男","","乐视网是中国第一专业长视频网站，2010年8月在中国创业板上市，是行业内全球首家IPO上市公司，目前中国A股唯一上市的视频公司。","北京 朝阳区","leshiwang","358","4783367","24563","","","http://tp2.sinaimg.cn/1732370473/180/22870642856/1","0","","","","","",""
"335","3921730119","新浪新闻视频","男","","新浪新闻视频，快速视览全球！全天24小时展现国内外最新时事，提供独家中文字幕视频、原创策划视频，做有品质的新闻！私信开放，欢迎爆料、投稿。","北京 东城区","newsvideo","2036","7129929","66126","","","http://tp4.sinaimg.cn/3921730119/180/5680491194/1","0","","","","","",""
"336","1288369910","浙江卫视中国蓝","男","","「官方微博」蓝无界，境自远。浙江卫视中国蓝，经典传媒品牌，欢迎进入浙江卫视蓝色天地。浙江卫视官网蓝天下：http://www.zjstv.com/","浙江 杭州","ztv1","911","4520881","35235","","","http://tp3.sinaimg.cn/1288369910/180/5672977004/1","0","","","","","",""
"337","1750553234","信息时报","女","","《信息时报》是广州日报报业集团旗下一份重量级、综合性、城市类新锐日报，以“通达民情，生活至上”作为办报理念，深受读者喜爱。","广东 广州","gzxxsb","425","1380083","50887","","","http://tp3.sinaimg.cn/1750553234/180/40055199585/0","0","","","","","",""
"338","1698233740","FT中文网","男","","FT中文网为逾210万读者提供来自英国《金融时报》的当日全球商业财经资讯，以及本地原创专栏、分析与评论。","北京 东城区","ftchinese","542","657787","32461","","","http://tp1.sinaimg.cn/1698233740/180/5668914463/1","0","","","","","",""
"339","3912522941","让红包飞","女","","2014#让红包飞#活动已经圆满落幕！小伙伴们注意啦，实物奖品将会在活动结束后一个月陆续发放，虚拟奖品请注意查看中奖私信并及时兑换使用。","北京 海淀区","3912522941","53","10680834","1444","","","http://tp2.sinaimg.cn/3912522941/180/22866932426/0","0","","","","","",""
"340","3166262701","我是歌手","女","","湖南卫视2014年，中国首档顶级歌手巅峰对决节目《我是歌手》1月3日起，我们继续蔓延音乐的幸福！记住每周五晚上八点十分，歌手等你来聆听！","湖南 长沙","iamasinger","505","2194956","3298","","","http://tp2.sinaimg.cn/3166262701/180/22864094219/0","0","","","","","",""
"341","3506728370","2014央视春节联欢晚会","女","","","北京","3506728370","27","7869000","766","","","http://tp3.sinaimg.cn/3506728370/180/40040672280/0","0","","","","","",""
"342","2844714572","百变大咖秀","男","","国内首档明星模仿秀大赏赛。由何炅谢娜联袂主持，集一流表演、多重笑点、不断惊喜、融合经典与时尚的音乐娱乐节目。每周四晚十点大咖云集、缤纷呈现！","湖南 长沙","baibiandaka","660","1355642","2551","","","http://tp1.sinaimg.cn/2844714572/180/40055543727/1","0","","","","","",""
"343","1779837945","北京卫视","男","","北京时间·天涯共此时","北京 朝阳区","btvbeijing","444","4309166","11980","","","http://tp2.sinaimg.cn/1779837945/180/40045887922/1","0","","","","","",""
"344","1703371307","北京晚报","男","","关注百姓的关注，关注中国的关注，关注世界的关注 新闻热线 85202188 85202199 13911656789","北京","beijingwanbao","1096","1748338","32840","","","http://tp4.sinaimg.cn/1703371307/180/5662027924/1","0","","","","","",""
"345","1751714412","新安晚报","男","","安徽省发行量最大、影响力最大的都市报。欢迎提供新闻线索，热线电话：962000。","安徽 合肥","xinanwanbao","580","1383109","37332","","","http://tp1.sinaimg.cn/1751714412/180/5690763024/1","0","","","","","",""
"346","1657236125","环球企业家杂志","男","","《环球企业家》创刊于1993年7月，以推动中国商业国际化为使命，是国内惟一一本报道世界级企业及企业家最频密的顶级商业杂志","北京 东城区","gemag","880","918343","18752","","","http://tp2.sinaimg.cn/1657236125/180/5661765704/1","0","","","","","",""
"347","2144684673","暴走漫画","男","","合作邮箱：cicilight@foxmail.com","海外","baozoumanhua","1735","4162148","18858","","","http://tp2.sinaimg.cn/2144684673/180/5679228493/1","0","","","","","",""
"348","1660452532","猫扑","女","","猫扑网是中国最具影响力的网络社区之一，目前已成为集大杂烩、贴贴、乐加和猫扑地方站等产品为一体的综合性富媒体娱乐互动平台。","北京","moptt","482","4362373","78416","","","http://tp1.sinaimg.cn/1660452532/180/5675081001/0","0","","","","","",""
"349","1850235592","糗事百科","男","","有事请私信 商务合作请联系qq50620818 投稿请猛击：http://www.qiushibaike.com/add","广东 深圳","qiushibaike","218","4723598","19384","","","http://tp1.sinaimg.cn/1850235592/180/5661685398/1","0","","","","","",""
"350","1750294477","原创音乐基地","女","","用音乐的方式，分享你我的故事.. 5sing，致力于为音乐人提供更好的服务！（官方微信：yc5sing）","浙江 杭州","music5sing","765","1399885","14670","","","http://tp2.sinaimg.cn/1750294477/180/40011476169/0","0","","","","","",""
"351","1724367710","揭露地球","男","","首先呢 我还真是一个毫无名气的小博主 其次呢 作为地球君就该有义务★代表地球揭露XXX","其他","canking","317","3575154","12442","","","http://tp3.sinaimg.cn/1724367710/180/40022120291/1","0","","","","","",""
"352","3931369735","茧镇奇缘","男","","电视剧《茧镇奇缘》官方微博","北京 朝阳区","3931369735","49","767352","439","","","http://tp4.sinaimg.cn/3931369735/180/40048180445/1","0","","","","","",""
"353","1771409503","少女时代中文首站","女","","【长期招贤纳士：视频组、翻译组、制图组、部分板块版主】【现火热招募中，期待您的加入~！！】 【有意者欢迎私信官博或进入论坛内相关帖回复】","海外 韩国","snsdchina","88","349641","29099","","","http://tp4.sinaimg.cn/1771409503/180/5669034301/0","0","","","","","",""
"354","1253280721","变形计官方微博","男","","2014《变形计》第九季报名启动 请下载报名表将详细资料、照片等发送至bianxingji9@163.com","湖南 长沙","bianxingji","370","545661","1782","","","http://tp2.sinaimg.cn/1253280721/180/22860812424/1","0","","","","","",""
"355","1938699281","韩国行","男","","韩国自由行导航，韩国旅游攻略，韩国旅游最大门户网站-韩国行(www.koreaxing.com)韩国最新最快最多的旅游信息将每日提供。...","海外 韩国","hellokorea","22","558178","20137","","","http://tp2.sinaimg.cn/1938699281/180/5617627486/1","0","","","","","",""
"356","1649200551","北斗星空张杰歌迷会","女","","北斗星空张杰歌迷会官方微博","四川","zhangjiebaguanlizu","292","556797","12519","","","http://tp4.sinaimg.cn/1649200551/180/5681735657/0","0","","","","","",""
"357","1100678467","神秘心理学","男","","神秘心理学，心态决定人生","江苏 南京","1100678467","139","925899","38324","","","http://tp4.sinaimg.cn/1100678467/180/5604972265/1","0","","","","","",""
"358","1796445350","安卓论坛","男","","业界最具影响力的垂直媒体，为网友打造一流的视频以及图文评测！为网友搭建应用软件、游戏推广与下载、用户论坛互动的专业社区。","广东 广州","3ganzhuo","122","937528","20261","","","http://tp3.sinaimg.cn/1796445350/180/40022450921/1","0","","","","","",""
"359","1875034341","华尔街见闻","男","","华尔街见闻是中国最大的财经新媒体，我们提供全球经济和金融资讯，希望帮助中国投资者理解世界。过去几年全球市场每一个重大转折点，第一个向中国...","海外 美国","wallstreetcn","309","515215","46683","","","http://tp2.sinaimg.cn/1875034341/180/40026219692/1","0","","","","","",""
"360","3564009853","大学生新闻站","女","","掌握全国最新的校园动态，关注全国最争议的校园话题，挑战你我眼球的校园趣事，最美最亮丽的校园风景线！需要转发的请@ 小编！","四川 成都","daxuenews","29","61179","167","","","http://tp2.sinaimg.cn/3564009853/180/40048606298/0","0","","","","","",""
"361","3288875501","河南日报","男","","2013年2月28日生。性格：外柔内刚、仪表清新、谈吐幽默。口头禅：围观改变生活。理想：人民一边喝着咖啡，一边刷河南日报微博！","河南","hnrbwb","328","2952267","15299","","","http://tp2.sinaimg.cn/3288875501/180/22853206161/1","0","","","","","",""
"362","3235581893","步步惊情","女","","《步步惊情》将于4月22日在浙江卫视独播","北京 朝阳区","bubujingqing2013","81","258614","834","","","http://tp2.sinaimg.cn/3235581893/180/40050531875/0","0","","","","","",""
"363","1165631310","周杰伦中文网JayCn","男","","周杰伦中文网www.jaycn.com 全球最大的歌迷网站社区！ 明星歌迷社区第一品牌。 成立于2001年11月9日。","台湾 台北市","thejaycn","173","1016260","7029","","","http://tp3.sinaimg.cn/1165631310/180/5601566695/1","0","","","","","",""
"364","1774817377","潮音乐","女","","搜罗全球潮流音乐..有好听的音乐欢迎大家私信我~有想互转的筒子们，直接私信~~","上海 黄浦区","1774817377","31","2394422","15251","","","http://tp2.sinaimg.cn/1774817377/180/5682323600/0","0","","","","","",""
"365","1857414070","世界美景","女","","爱旅行更爱美景！喜欢旅游和美景的请关注@世界美景","上海 黄浦区","1857414070","134","1525916","6904","","","http://tp3.sinaimg.cn/1857414070/180/40022274881/0","0","","","","","",""
"366","1774860981","环球时尚旅行","女","","风景、摄影和爱情。","北京 东城区","1774860981","450","1062536","8923","","","http://tp2.sinaimg.cn/1774860981/180/40022275685/0","0","","","","","",""
"367","1858319430","环球时尚家居","男","","搜罗全球时尚家居设计，各种新奇家居产品~","广东 广州","1858319430","33","1218867","10783","","","http://tp3.sinaimg.cn/1858319430/180/5662537796/1","0","","","","","",""
"368","2663720145","黑童话集选","男","","黑童话绝对不是乖孩子枕边书！光华下是一些腐烂变质了东西，如黑色一般晦暗绝望。对现实世界有无声的控诉【欢迎私信投稿＆喜欢请关注@黑童话集选】","北京 东城区","2663720145","18","475296","3111","","","http://tp2.sinaimg.cn/2663720145/180/5627276374/1","0","","","","","",""
"369","1682207150","南方日报","男","","创刊于1949年10月23日，华南主流政经大报，秉承“高度决定影响力”办报理念。","广东 广州","nfrb","299","2851998","48508","","","http://tp3.sinaimg.cn/1682207150/180/40021775512/1","0","","","","","",""
"370","1893801487","微天下","男","","全天候的中国最大原创国际资讯平台，新浪新闻中心出品。提供新闻线索请发私信，或发邮件至microworlds@sina.com","北京 东城区","weitianxia","422","11922633","90309","","","http://tp4.sinaimg.cn/1893801487/180/5669803190/1","0","","","","","",""
"371","1638629382","湖南卫视","男","","快乐中国，青春向上。","湖南 长沙","hntv","415","6645899","17561","","","http://tp3.sinaimg.cn/1638629382/180/22841917280/1","0","","","","","",""
"372","1643971635","凤凰卫视","男","","拉近全球华人距离","香港","phoenixqbzh","225","5904717","30915","","","http://tp4.sinaimg.cn/1643971635/180/5662076147/1","0","","","","","",""
"373","1649173367","每日经济新闻","男","","【新闻决定影响力】主流财经日报《每日经济新闻》全国发行，官微24小时捕捉财经资讯，独立视角呈现热点事件。每经网nbd.com.cn","上海","mrjjxw","1857","9184688","64425","","","http://tp4.sinaimg.cn/1649173367/180/40021908898/1","0","","","","","",""
"374","1699540307","中国之声","男","","网络直播在线收听： china.cnr.cn。中国唯一覆盖全国的24小时新闻直播频率。","北京","cnrzgzs","596","6414054","42638","","","http://tp4.sinaimg.cn/1699540307/180/5691566688/1","0","","","","","",""
"375","2048774442","2013快乐男声","男","","想唱就唱 听我的！ 2013快乐男声全国巡演火爆进行中！","湖南","klns","188","3957015","18196","","","http://tp3.sinaimg.cn/2048774442/180/22848273055/1","0","","","","","",""
"376","1644114654","新京报","男","","一份以责任为灵魂的报纸；一份致力于记录时代步伐的报纸；一份进步、美好的报纸。新京报，品质源于责任。关注新京报官方微信请搜“bjnews_xjb”","北京 东城区","xjb","897","5798502","35154","","","http://tp3.sinaimg.cn/1644114654/180/5662045712/1","0","","","","","",""
"377","1699432410","新华视点","男","","新华社新华视点微博。重大新闻权威首发，环球信息及时播报。见证中国发展，领略世界精彩，共享文明成就。","北京","xinhuashidian","623","10474371","50993","","","http://tp3.sinaimg.cn/1699432410/180/5662098304/1","0","","","","","",""
"378","1651428902","21世纪经济报道","男","","提供财经资讯、商业故事、各界观点，关注制度建设。","广东","21cbh","505","3493901","40664","","","http://tp3.sinaimg.cn/1651428902/180/22850603798/1","0","","","","","",""
"379","1642634100","新浪科技","女","","欢迎在微信上关注新浪科技公众号：搜索techsina，或扫描链接中的二维码http://e.weibo.com/1642634100/y...","北京 海淀区","sinatech","1012","8934947","49498","","","http://tp1.sinaimg.cn/1642634100/180/5661765198/0","0","","","","","",""
"380","1497087080","羊城晚报","男","","羊城晚报官方微博，华南地区最早开通的媒体官博，维护和争取公众的生活权、生存权、生命权，为你提供有价值资讯信息。","广东 广州","ycwb2010","425","3194077","53747","","","http://tp1.sinaimg.cn/1497087080/180/40050536833/1","0","","","","","",""
"381","1649159940","华尔街日报中文网","男","","华尔街日报中文版( http://cn.wsj.com )是道琼斯公司旗下的中文在线商业出版物，依托备受尊崇的《华尔街日报》的丰富资源，...","北京 东城区","chinesewsj","615","3074565","74874","","","http://tp1.sinaimg.cn/1649159940/180/5598692408/1","0","","","","","",""
"382","1193725273","中国企业家杂志","男","","一本立于商业领袖的领袖商业杂志。我们的历史：创刊于1985年，中国主流商业财经杂志公认的领导者。 我们的未来：中国企业全球化进程的见证者。我们…","北京","cne","656","3692394","37198","","","http://tp2.sinaimg.cn/1193725273/180/22868697718/1","0","","","","","",""
"383","1499104401","新浪军事","男","","播报最热军事资讯，介绍武器装备、各国军队、军事历史等军事知识。私信开放，欢迎投稿！","北京 海淀区","milnews","281","3040277","29455","","","http://tp2.sinaimg.cn/1499104401/180/5661566730/1","0","","","","","",""
"384","1639498782","南方周末","男","","中国深具公信力和发行量最大的新闻周报","广东 广州","infzm","129","5090529","9771","","","http://tp3.sinaimg.cn/1639498782/180/40027717870/1","0","","","","","",""
"385","1431308884","快乐大本营","男","","湖南卫视《快乐大本营》官方微博，我们每周六晚与你准时相约快乐周末！","湖南 长沙","hntvhappy","201","6374467","2955","","","http://tp1.sinaimg.cn/1431308884/180/5662550317/1","0","","","","","",""
"386","1191965271","三联生活周刊","男","","一本杂志和他倡导的生活.","北京","lifeweek","335","9111885","12036","","","http://tp4.sinaimg.cn/1191965271/180/5662870402/1","0","","","","","",""
"387","1784473157","中国新闻网","男","","这里提供你不知道、想知道、不能不知道的新闻。","北京 西城区","chinanewsv","222","3853563","34484","","","http://tp2.sinaimg.cn/1784473157/180/5661747181/1","0","","","","","",""
"388","1641532820","南都周刊","男","","有温度的城市新闻。立足城市基本点，用理性、温和、宽容的姿态报道与城市中坚息息相关的城市话题。","广东 广州","nbweekly","1496","4206690","18809","","","http://tp1.sinaimg.cn/1641532820/180/22868612560/1","0","","","","","",""
"389","1847582585","都市快报","男","","都市快报由杭州日报报业集团主办。据最近全国晚报都市报竞争力排名，都市快报全国第二，浙江第一；世界日报发行量百强最新排名47位。","浙江 杭州","dskbhz","444","2496057","30683","","","http://tp2.sinaimg.cn/1847582585/180/40050501519/1","0","","","","","",""
"390","2993049293","CCTV5","男","","","北京","cctv5","279","2319681","20632","","","http://tp2.sinaimg.cn/2993049293/180/40021835381/1","0","","","","","",""
"391","1806128454","凤凰视频","男","","凤凰视频最具媒体特质的华文综合视频门户。独特视角还原新闻本质，海量视频资讯传递时代价值，差异化影视原创视频服务互联网主流群体。","北京 朝阳区","1806128454","189","1078326","28571","","","http://tp3.sinaimg.cn/1806128454/180/22870721438/1","0","","","","","",""
"392","1931358544","全球美剧电影","女","","【美剧频道】官方微博！你的美剧服务专家！独家资讯全掌握！ 【咨询、合作、活动等事宜，请私信详细说明并留下联络方式】","海外 美国","ustvb","36","12369684","5739","","","http://tp1.sinaimg.cn/1931358544/180/22823614547/0","0","","","","","",""
"393","1231759973","头条博客","男","","头条博客是新浪博客频道的官方微博，每天7-24点为您发布至少8条最精华的博客新鲜内容。移动用户发送10到1066888860可订阅彩信。","北京 东城区","blogkefu","1459","6512892","39951","","","http://tp2.sinaimg.cn/1231759973/180/5661781362/1","0","","","","","",""
"394","2803395954","吸血鬼日记","女","","《吸血鬼日記》&amp;《初代吸血鬼》官方微博！官方微信認證帳號，請見主頁圖片二維碼！【合作、授權、藝人代言等事宜請私信詳細說明，並留下聯絡方式】","海外 美国","cwtvds","5","7593442","840","","","http://tp3.sinaimg.cn/2803395954/180/22859113464/0","0","","","","","",""
"395","1977460817","网络新闻联播","男","","央视网新闻官方微博，全球资讯速递。媒体合作、新闻线索联系QQ：2578615789","北京 海淀区","cntv2011lh","197","1717062","98393","","","http://tp2.sinaimg.cn/1977460817/180/5661932535/1","0","","","","","",""
"396","1894467483","微博搜索","男","","解答搜微博内容、搜账号中碰到的问题（不负责找男女朋友神马的）【特别提示：不能根据qq、手机号、email、登录名查找用户】","北京 海淀区","wbsearch","1292","1743500","5722","","","http://tp4.sinaimg.cn/1894467483/180/5661864060/1","0","","","","","",""
"397","1267454277","凤凰周刊","男","","《凤凰周刊》是由香港凤凰卫视主办在中国大陆发售的时政、财经、文化期刊。","北京 东城区","fhzk","396","3015780","10321","","","http://tp2.sinaimg.cn/1267454277/180/40021950015/1","0","","","","","",""
"398","1921218535","天娱传媒","男","","中国媒体衍生产业先锋企业，于2004年成立，致力于为全民提供具有长久消费期望的娱乐产品。","湖南 长沙","eemedia","158","1121292","11624","","","http://tp4.sinaimg.cn/1921218535/180/5661642729/1","0","","","","","",""
"399","2032139271","CCTV证券资讯博览","男","","作为业内策略研究最为准确的财经类频道，CCTV证券资讯频道长期注重策略、板块和个股的准确研究。本微博不代表频道观点，不得擅自篡改传播。","北京 海淀区","cctvzqt","406","5937359","281422","","","http://tp4.sinaimg.cn/2032139271/180/5662077959/1","0","","","","","",""
"400","1734530730","大河报","男","","《大河报》，中国最具价值的500强品牌，世界日报发行百强，中国晚报都市类报纸综合竞争力10强。","河南 郑州","dahebao","1069","3881452","44250","","","http://tp3.sinaimg.cn/1734530730/180/22868586711/1","0","","","","","",""
"401","1656831930","环球资讯广播","女","","环球资讯广播，世界在你耳边.    国际化生活,从环球资讯广播开始","北京","crinews","724","5265778","41745","","","http://tp3.sinaimg.cn/1656831930/180/5685345368/0","0","","","","","",""
"402","1713458220","非诚勿扰","女","","《非诚勿扰》，缘来挺好！ 报名方式：1拨打幸福热线025—96088按2号键或400-8800-520（长途免费）2、登陆官网fcwr.jstv.com报名 报名不收取手续费","江苏 南京","jswsfcwr","141","4208850","13809","","","http://tp1.sinaimg.cn/1713458220/180/40051907007/0","0","","","","","",""
"403","2319434684","贵州卫视非常完美","女","","由“京润珍珠”独家冠名播出，都市时尚告白真人秀《非常完美》每周五、周六晚22:10分播出","贵州 贵阳","gtvperfect","1255","1251441","12361","","","http://tp1.sinaimg.cn/2319434684/180/40041003617/0","0","","","","","",""
"404","1644948230","法制晚报","男","","北京青年报集团子报，都市新晚报。新闻纸+文化纸+实用纸+休闲纸＝北京市民必读纸。一份离你最近的报纸，今年十岁了！","北京 朝阳区","fawan","1943","3495431","39941","","","http://tp3.sinaimg.cn/1644948230/180/22871939440/1","0","","","","","",""
"405","1729930211","昕薇","女","","作为日本时尚第一刊《ViVi》杂志的中文版—《昕薇》杂志是由中日两大出版社强强联手合作的一本国际版权合作杂志。唯一官方网站：www.ixinwei.com","北京 朝阳区","xinwei","287","3015465","13546","","","http://tp4.sinaimg.cn/1729930211/180/40052506124/0","0","","","","","",""
"406","2684112141","CCTV音乐","男","","中央电视台音乐频道作为中国成立最早，覆盖最广，影响最大的唯一的国家级音乐频道，是中国最大的音乐传播平台。频道播出的内容集中外古典音乐之大成…","北京 海淀区","cctv15music","167","7503062","10541","","","http://tp2.sinaimg.cn/2684112141/180/5661652341/1","0","","","","","",""
"407","2245075615","与欧洲有关的一切","女","","环球网欧洲记者站，为你提供最全面、最权威、有高度、有态度的欧洲新闻资讯。环球网，世界很精彩！","海外 英国","2245075615","447","2588782","10919","","","http://tp4.sinaimg.cn/2245075615/180/5661782877/0","0","","","","","",""
"408","1653460650","南方人物周刊","男","","重新打量每个生命","广东 广州","southernpeopleweekly","687","3586252","8562","","","http://tp3.sinaimg.cn/1653460650/180/22841957833/1","0","","","","","",""
"409","1655444627","潇湘晨报","女","","【影响湖南 湖南影响】在湖南，影响力、发行量，第一纸媒！","湖南 长沙","xxcb","582","2663758","41151","","","http://tp4.sinaimg.cn/1655444627/180/40039186358/0","0","","","","","",""
"410","1988800805","凤凰财经","男","","新主流财经门户！特色栏目：财知道、总裁在线、传奇、真相80分、连环话…精彩内容，给你好看！（微信finance_ifeng）","北京 东城区","financeifeng","618","1481120","23611","","","http://tp2.sinaimg.cn/1988800805/180/5683463436/1","0","","","","","",""
"411","2686904145","我爱围观","男","","严肃起来冰块脸，随便起来无下限。","北京","woaiweiguan","73","2034007","1520","","","http://tp2.sinaimg.cn/2686904145/180/5664703118/1","0","","","","","",""
"412","2334162530","1818黄金眼","男","","《1818黄金眼》是浙江公众知晓度最高、收视率最高电视节目，立志“做中国最好的民生新闻”。24小时新闻热线0571-88001818。播出时间：每晚18:18&amp;21:30","浙江 杭州","1818hjy","237","1144475","25933","","","http://tp3.sinaimg.cn/2334162530/180/5661592040/1","0","","","","","",""
"413","1652484947","新快报","女","","《新快报》由羊城晚报报业集团主办，1998年3月30日创刊，世界日报发行量前100强。","广东 广州","gdxkb","674","4581413","45539","","","http://tp4.sinaimg.cn/1652484947/180/40021477581/0","0","","","","","",""
"414","1641561812","经济观察报","男","","经济观察报社下辖经济观察报、经济观察网、经济观察报IPAD版等子媒体，拥有专业新闻采编力量，为您提供及时、便捷财经信息服务。","北京 东城区","eeocomcn","480","2729101","48385","","","http://tp1.sinaimg.cn/1641561812/180/40021825566/1","0","","","","","",""
"415","1990895721","曼联新闻","男","","可能是最好的播报曼联新闻的微博。欢迎爆料，请发邮件：globalpl@sina.com","北京 海淀区","manunitednews","126","509775","25527","","","http://tp2.sinaimg.cn/1990895721/180/5682859806/1","0","","","","","",""
"416","2244525523","韩国思蜜达","女","","环球网韩国记者站，为你提供最全面、最及时的的韩国新闻资讯。欢迎私信，并为本博提供更好的建议和意见。","海外 韩国","2244525523","426","2631907","9532","","","http://tp4.sinaimg.cn/2244525523/180/5661782653/0","0","","","","","",""
"417","1650111241","中国经营报","男","","《中国经营报》创建于1985年，由中国社会科学院主管，中国社会科学院工业经济研究所主办，始终秉承“终身学习、智慧经营、达善社会”的理念，...","北京 海淀区","chinabusinessjournal","924","2420128","50081","","","http://tp2.sinaimg.cn/1650111241/180/5662078062/1","0","","","","","",""
"418","1784501333","数据挖掘与数据分析","女","","以分析的视角为切入点，蕴含以互联网、移动互联、IT等科技领域为主的一体化综合型信息服务平台。邮箱：datakong@vip.163.com","海外 美国","betterdata","1168","1155013","12025","","","http://tp2.sinaimg.cn/1784501333/180/5651634056/0","0","","","","","",""
"419","2431328567","微博新鲜事","女","","微博最新鲜、最热门的事件,我替你挖掘出来!微博热门从未错过,关注主页君永不out!欢迎私信投稿!","北京 东城区","2431328567","758","1175659","9139","","","http://tp4.sinaimg.cn/2431328567/180/5690093356/0","0","","","","","",""
"420","1299654943","看历史","男","","中国第一本历史新闻类杂志 订阅电话：028-86621481 邮发代号：62-313官方淘宝：http://klszazhi.taobao.com/","北京 海淀区","guojialishi","803","733319","21169","","","http://tp4.sinaimg.cn/1299654943/180/22841981981/1","0","","","","","",""
"421","1069205631","新浪房产","女","","我们从房地产出发，以大民生、大财经的视角，关注这个微时代的世界。","北京 海淀区","leju","1261","1782658","35016","","","http://tp4.sinaimg.cn/1069205631/180/5661870122/0","0","","","","","",""
"422","1720962692","楚天都市报","男","","湖北发行量、影响力最大的报纸，24小时新闻热线027-86777777。官网：www.ctdsb.net 微博合作：QQ514580685","湖北 武汉","ctdsw","555","3837118","50705","","","http://tp1.sinaimg.cn/1720962692/180/40050591679/1","0","","","","","",""
"423","2042019413","四川卫视","男","","“心有界，爱无疆”，四川卫视以倡导大爱为己任，用爱的视角，为广大观众打造一个凝聚力量、承载责任、塑造精神、弘扬正义的优质媒介，成为传播中国爱…","四川 成都","2042019413","54","3789018","4139","","","http://tp2.sinaimg.cn/2042019413/180/40023138147/1","0","","","","","",""
"424","1697601814","京华时报","男","","公信力 传播力 影响力","北京 朝阳区","jhsb","409","3389122","33542","","","http://tp3.sinaimg.cn/1697601814/180/40050938371/1","0","","","","","",""
"425","2824514871","李敏镐微吧","男","","长期招收一群喜爱李敏镐的具有手绘制图韩英日翻译打轴特效视频前线任意一项技能的小伙伴儿们~有意加入的孩纸请私信。","其他","LeeMinHoWeiBar","29","630049","2026","","","http://tp4.sinaimg.cn/2824514871/180/40045866223/1","0","","","","","",""
"426","1700720163","钱江晚报","男","","钱江晚报由浙江日报报业集团主办，是浙江省及杭州市发行量最大、广告收入最多、阅读率最高、影响力最大的都市类报纸。","浙江 杭州","qjwb","734","3736409","38834","","","http://tp4.sinaimg.cn/1700720163/180/40022189317/1","0","","","","","",""
"427","1216431741","南都娱乐周刊","男","","中国最佳原创娱乐杂志、中国娱乐第一刊。微信号：seweekly","广东 广州","seweekly","1081","2063712","16781","","","http://tp2.sinaimg.cn/1216431741/180/40048513682/1","0","","","","","",""
"428","1644225642","美国国家地理","男","","独家提供来自美国国家地理的图片和资讯。更多精美图片请访问美国国家地理中国区合作伙伴华夏地理网","北京 海淀区","geochannel","46","1894530","4049","","","http://tp3.sinaimg.cn/1644225642/180/1283204224/1","0","","","","","",""
"429","1564334263","新浪新手卡中心","男","","新浪新手卡中心是国内最大最全的新手卡，激活码发放平台，为广大玩家免费提供网游新手卡，激活码，内测账号的发放，预订服务。","北京 海淀区","sinaka","1780","7755851","5780","","","http://tp4.sinaimg.cn/1564334263/180/5664780944/1","0","","","","","",""
"430","1704819467","经济之声","男","","立足经济，关注民生。","北京 西城区","cnr2","392","3726018","19334","","","http://tp4.sinaimg.cn/1704819467/180/5680424424/1","0","","","","","",""
"431","1647688972","环球人物杂志","男","","《环球人物》由人民日报社主管、主办，是中国第一份具有全球视野的人物类期刊。www.globalpeople.com.cn","北京 朝阳区","globalpeople","796","1202879","13964","","","http://tp1.sinaimg.cn/1647688972/180/5662080155/1","0","","","","","",""
"432","1649597805","电脑报","男","","全国发行量第一的计算机报，专注品质、影响力。欢迎投稿、爆料、小道消息，联系电话（023）63658800-13141","重庆 渝中区","cpcw","1018","567929","21752","","","http://tp2.sinaimg.cn/1649597805/180/5661608319/1","0","","","","","",""
"433","1769684987","看电影周刊","男","","中国领先电影杂志，关注全球电影资讯，评点天下电影，提供影史明星八卦。不可错过的电影微博。","上海 卢湾区","movieview","657","1799008","12219","","","http://tp4.sinaimg.cn/1769684987/180/40024700351/1","0","","","","","",""
"434","1496814565","华西都市报","男","","责任至上，公信天下。欢迎关注中国第一张都市报、西部第一主流大报——《华西都市报》。","四川 成都","hxdsb","553","1660840","48355","","","http://tp2.sinaimg.cn/1496814565/180/40044548941/1","0","","","","","",""
"435","1222135407","中国国家地理","男","","推开自然之门 昭示人文精华 弘扬科学精神 构建国家形象 凝聚家国情怀","北京","cng","111","3538184","8190","","","http://tp4.sinaimg.cn/1222135407/180/5661660186/1","0","","","","","",""
"436","1645826702","孔二狗","男","","爱国诗人，小马奔腾！神爱世人，狗哥爱你！","北京 东城区","kongergou","1584","2071329","7578","","","http://tp3.sinaimg.cn/1645826702/180/5653133569/1","0","","","","","",""
"437","1796542650","广州交警","男","","搭建沟通桥梁 共建和谐交通 欢迎广大市民对公安交通管理工作提出建议和意见，我们将为您解释答疑。如有紧急警情，一定要及时拨打110，以便...","广东 广州","gzjj2011","627","719698","35761","","","http://tp3.sinaimg.cn/1796542650/180/40022009912/1","0","","","","","",""
"438","2784361770","微博江苏","男","","传递权威信息，搭建沟通平台，服务民生需求。美好江苏欢迎您！“微博江苏”欢迎您！&lt;br /&gt;联系我们：wbjiangsu2012@jschina.com.cn","江苏 南京","weibojiangsu","389","2754011","10153","","","http://tp3.sinaimg.cn/2784361770/180/39999729488/1","0","","","","","",""
"439","1904671130","湖南卫视贴吧","女","","湖南卫视吧官方微博欢迎大家关注。","湖南 长沙","hunantvba","299","224555","6722","","","http://tp3.sinaimg.cn/1904671130/180/22870591040/0","0","","","","","",""
"440","1656737654","现代快报","男","","《现代快报》，江苏省最大的主流都市报。更多新闻请登录：www.xdkb.net 现代快报网最专业的新闻网站。","江苏 南京","modernexpress","865","2461626","59200","","","http://tp3.sinaimg.cn/1656737654/180/40050539439/1","0","","","","","",""
"441","1663937380","财新网","男","","财经新闻资讯必读网站，整合资讯、观点、多媒体、互动等信息时代形态丰富的资讯产品，7天24小时输出高品质的原创内容。","北京","caixincn","352","1454074","61689","","","http://tp1.sinaimg.cn/1663937380/180/5662096328/1","0","","","","","",""
"442","1956700750","电商报","男","","电商报，看电商，微博电商媒体影响力第一！官网：www.iecnews.com 合作、爆料、小道消息... ...联系QQ：651503086","广东 深圳","shuhol","1918","544755","15079","","","http://tp3.sinaimg.cn/1956700750/180/5676851026/1","0","","","","","",""
"443","1653603955","扬子晚报","男","","江苏和中国发行量最大的晚报都市报。公信力、引导力、影响力，三个力量撑起勇担责任的扬子品牌","江苏 南京","yangtse","902","2999509","57948","","","http://tp4.sinaimg.cn/1653603955/180/40050770011/1","0","","","","","",""
"444","2810373291","新华网","男","","传播中国，报道世界；权威声音，亲切表达！","北京 西城区","newsxh","159","5231270","24062","","","http://tp4.sinaimg.cn/2810373291/180/5662102893/1","0","","","","","",""
"445","1700648435","成都商报","女","","《成都商报》是西部地区发行量和影响力最大的主流媒体。新闻爆料热线：028-86612222。合作联系：QQ1：675771737；QQ2：43072797；QQ3：83676465","四川 成都","cdsb","722","1694434","47447","","","http://tp4.sinaimg.cn/1700648435/180/40050421067/0","0","","","","","",""
"446","1708288824","时尚芭莎","女","","Harper's BAZAAR中国版；中国最具影响力高端女性时尚杂志；创办BAZAAR明星慈善夜，让慈善影响中国","北京 朝阳区","bazaarchina","332","3828661","11238","","","http://tp1.sinaimg.cn/1708288824/180/22875751317/0","0","","","","","",""
"447","1642351362","angelababy","女","","一个爱大笑的文艺青年 经纪人email：kim1113@gmail.com","香港","realangelababy","586","40868998","1762","","","http://tp3.sinaimg.cn/1642351362/180/5599472636/0","0","","","","","",""
"448","1836384951","英语口语控","男","","人称控叔/控哥，以分享地道英语的名义，偶尔卖卖萌，间或抒抒情。严谨而诗意地谈谈学习，客观而幽默地玩玩英语。不做作不装逼，放荡不羁有脾气。","海外 美国","smilefamily","20","856289","14259","","","http://tp4.sinaimg.cn/1836384951/180/22873536483/1","0","","","","","",""
"449","3242346400","MikeAngelo中国","男","","This is an official Mike D. Angelo weibo...all my work and life style will be updated here...love u all my CN fans (instagram:M1KEANGELO)","海外 泰国","3242346400","46","1363883","757","","","http://tp1.sinaimg.cn/3242346400/180/5686401049/1","0","","","","","",""
"450","1905843503","四川发布","男","","始终站在你身边，为你传递政务信息，提供群众服务资讯。爱生活，爱天府。这里是四川省人民政府新闻办官方微博，欢迎围观，共话四川。","四川","sichuantianfu","197","4754571","12157","","","http://tp4.sinaimg.cn/1905843503/180/40041977201/1","0","","","","","",""
"451","2612249974","广州地铁","男","","广州地铁目前运营线路有1号线、2号线、3号线、4号线、5号线、6号线、8号线、广佛线和APM线，总里程260.5公里。欢迎拨打服务热线：（020）96891","广东 广州","gzmtr","374","226195","16136","","","http://tp3.sinaimg.cn/2612249974/180/5662132088/1","0","","","","","",""
"452","3194463860","八桂法苑","男","","广西壮族自治区高级人民法院官方微博 广西南宁市民族大道121号 邮编：530028","广西","guangxigaoyuan","577","1492672","2751","","","http://tp1.sinaimg.cn/3194463860/180/40020898768/1","0","","","","","",""
"453","2418542712","平安武汉","男","","平安武汉！","湖北 武汉","2418542712","483","1018204","8719","","","http://tp1.sinaimg.cn/2418542712/180/5662157093/1","0","","","","","",""
"454","1642904381","优酷","女","","优酷官方微信开通啦！扫描二维码或查找“youku”，就可以第一时间看到最优最酷的视频，绝不是机器人，欢迎来找优酷君聊天哦！","北京","youku","1819","3860077","17549","","","http://tp2.sinaimg.cn/1642904381/180/5687919767/0","0","","","","","",""
"455","2050149565","佛教微博","男","","微佛教--佛教社会化传播平台,平台下有:微博微信APP客户端线下讲座佛教门户等。流通处地址：http://fojiaoweibo.taobao.com/","北京 东城区","fojiaoweibo","1858","961292","13068","","","http://tp2.sinaimg.cn/2050149565/180/5680672926/1","0","","","","","",""
"456","1850988623","果壳网","男","","果壳网（Guokr.com）是开放、多元的泛科技兴趣社区，并提供负责任、有智趣的科技主题内容。","北京 朝阳区","guokr42","1964","2255919","23311","","","http://tp4.sinaimg.cn/1850988623/180/5608352966/1","0","","","","","",""
"457","1642292081","虎扑篮球","女","","虎扑篮球永不熄","上海 虹口区","hoopchina","962","1515500","64762","","","http://tp2.sinaimg.cn/1642292081/180/40054751235/0","0","","","","","",""
"458","2230913455","搜狐视频","男","","搜狐视频tv.sohu.com 带给你每日最及时、最好玩的视频新闻、电影、电视剧、纪录片等资讯，敬请关注！","北京 海淀区","videosohu","460","2020659","27178","","","http://tp4.sinaimg.cn/2230913455/180/5661588365/1","0","","","","","",""
"459","1896701827","童话镇","女","","童话镇 = 美好 ★写信请给@童话镇的邮递员 [更多合作请私信]","其他","sihou","17","2359727","2733","","","http://tp4.sinaimg.cn/1896701827/180/5686391149/0","0","","","","","",""
"460","2033175114","安卓网","男","","我是彻底的Android拜物者。爱安卓，故我存在。欢迎访问：http://www.hiapk.com/网站合作：http://bbs.hiapk.com/contact.php","福建","hiapkbbs","227","6304847","24724","","","http://tp3.sinaimg.cn/2033175114/180/40054846150/1","0","","","","","",""
"461","1642270165","土豆","男","","","北京 东城区","tudoupebble","350","2777811","19611","","","http://tp2.sinaimg.cn/1642270165/180/5684138627/1","0","","","","","",""
"462","2922972682","魔鬼金融学","男","","每天为你呈上轻松、妙趣横生的各种金融课堂，让你在复杂的金融、经济领域里享受简单惬意的旅行。 Q:242111144","香港 中西区","mgjrx","512","3019974","15251","","","http://tp3.sinaimg.cn/2922972682/180/40000148954/1","0","","","","","",""
"463","1698513182","虎扑足球","女","","虎扑足球，最足球的世界！消息内容覆盖欧洲五大联赛和国内所有足球项目。","上海","goalhi4u","1577","831088","88372","","","http://tp3.sinaimg.cn/1698513182/180/40055364430/0","0","","","","","",""
"464","1731986465","爱奇艺","男","","爱奇艺，中国第一影视门户。","北京 海淀区","qiyiguanbo","840","5555823","19743","","","http://tp2.sinaimg.cn/1731986465/180/22870634205/1","0","","","","","",""
"465","1907542963","郭斯特","男","","喜欢大家叫我欧巴╰(●'◡'●)╯书已上市！当当亚马逊京东均可购买！工作请联系QQ 63068233","其他","guosite","701","2821668","316","","","http://tp4.sinaimg.cn/1907542963/180/40043117697/1","0","","","","","",""
